year,week,City Hall,Exchange Place,Hamilton Park,Sip Ave_x,Christ Hospital,Baldwin at Montgomery,Warren St,Newport PATH,Newark Ave,Brunswick St,Newport Pkwy,Bayside Park,Grove St PATH,Riverview Park,Essex Light Rail,Paulus Hook,Columbia Park,Heights Elevator,NJCU,MLK Light Rail,5 Corners Library,Dey St,Oakland Ave,Hilltop,Van Vorst Park,McGinley Square,Central Ave,JC Medical Center,North St,Lincoln Park,Liberty Light Rail,West Side Light Rail,Pershing Field,Garfield Ave Station,Union St,Jersey & 6th St,Morris Canal,Jersey & 3rd,Lafayette Park,Monmouth and 6th,Dixon Mills,Marin Light Rail,Manila & 1st,Columbus Drive,Bethune Center,Leonard Gordon Park,Danforth Light Rail,Brunswick & 6th,Astor Place,JCBS Depot,Communipaw & Berry Lane,York St,Harborside,Washington St,Journal Square,Montgomery St,Glenwood Ave,Fairmount Ave,Bergen Ave,Grand St,Jackson Square,Sip Ave_y,Hoboken Ave at Monmouth St,Columbus Dr at Exchange Pl
2015,39,238,363.0,357,252,68,66,203,265,245,186,252,16.0,472,75,218,222,8.0,52,17.0,4.0,43,55.0,51,86,227,110,25.0,152,49.0,64,147,10.0,90,14.0,2.0,0.0,0.0,0.0,0.0,0.0,0.0,0.0,0.0,0.0,0.0,0.0,0.0,0.0,0.0,0.0,0.0,0.0,0.0,0.0,0.0,0.0,0.0,0.0,0.0,0.0,0.0,252,0.0,0.0
2015,40,129,293.0,310,241,58,54,181,240,180,172,154,6.0,410,43,158,133,2.0,20,15.0,8.0,33,43.0,74,43,143,99,26.0,81,24.0,59,55,20.0,62,17.0,1.0,0.0,0.0,0.0,0.0,0.0,0.0,0.0,0.0,0.0,0.0,0.0,0.0,0.0,0.0,0.0,0.0,0.0,0.0,0.0,0.0,0.0,0.0,0.0,0.0,0.0,0.0,241,0.0,0.0
2015,41,196,407.0,345,316,78,84,237,365,249,233,223,6.0,546,68,273,225,6.0,36,18.0,2.0,57,66.0,89,80,231,138,37.0,115,14.0,75,133,10.0,87,20.0,14.0,0.0,0.0,0.0,0.0,0.0,0.0,0.0,0.0,0.0,0.0,0.0,0.0,0.0,0.0,0.0,0.0,0.0,0.0,0.0,0.0,0.0,0.0,0.0,0.0,0.0,0.0,316,0.0,0.0
2015,42,162,397.0,337,274,74,86,196,308,199,222,210,6.0,562,50,235,156,7.0,41,19.0,7.0,46,57.0,61,71,233,113,29.0,120,8.0,69,93,14.0,93,15.0,6.0,0.0,0.0,0.0,0.0,0.0,0.0,0.0,0.0,0.0,0.0,0.0,0.0,0.0,0.0,0.0,0.0,0.0,0.0,0.0,0.0,0.0,0.0,0.0,0.0,0.0,0.0,274,0.0,0.0
2015,43,144,343.0,334,272,64,87,191,311,195,235,205,7.0,539,42,201,155,6.0,39,23.0,2.0,65,34.0,69,79,211,103,37.0,99,30.0,61,100,21.0,89,11.0,8.0,0.0,0.0,0.0,0.0,0.0,0.0,0.0,0.0,0.0,0.0,0.0,0.0,0.0,0.0,0.0,0.0,0.0,0.0,0.0,0.0,0.0,0.0,0.0,0.0,0.0,0.0,272,0.0,0.0
2015,44,139,324.0,304,247,61,89,173,310,213,212,187,4.0,488,31,219,131,7.0,29,15.0,4.0,43,33.0,84,64,176,109,40.0,95,1.0,56,73,9.0,71,16.0,7.0,0.0,0.0,0.0,0.0,0.0,0.0,0.0,0.0,0.0,0.0,0.0,0.0,0.0,0.0,0.0,0.0,0.0,0.0,0.0,0.0,0.0,0.0,0.0,0.0,0.0,0.0,247,0.0,0.0
2015,45,162,401.0,314,278,75,93,186,320,197,236,191,8.0,574,18,263,185,11.0,31,12.0,6.0,63,29.0,71,74,189,117,42.0,101,11.0,78,90,10.0,84,11.0,7.0,0.0,0.0,0.0,0.0,0.0,0.0,0.0,0.0,0.0,0.0,0.0,0.0,0.0,0.0,0.0,0.0,0.0,0.0,0.0,0.0,0.0,0.0,0.0,0.0,0.0,0.0,278,0.0,0.0
2015,46,132,226.0,291,243,56,72,132,202,172,226,154,5.0,369,13,187,112,2.0,13,7.0,3.0,43,38.0,72,53,147,102,40.0,69,9.0,48,52,7.0,64,10.0,3.0,0.0,0.0,0.0,0.0,0.0,0.0,0.0,0.0,0.0,0.0,0.0,0.0,0.0,0.0,0.0,0.0,0.0,0.0,0.0,0.0,0.0,0.0,0.0,0.0,0.0,0.0,243,0.0,0.0
2015,47,129,292.0,310,224,48,65,149,238,198,222,143,7.0,414,19,223,116,6.0,33,2.0,1.0,38,41.0,66,55,200,104,35.0,77,11.0,54,61,7.0,76,10.0,3.0,0.0,0.0,0.0,0.0,0.0,0.0,0.0,0.0,0.0,0.0,0.0,0.0,0.0,0.0,0.0,0.0,0.0,0.0,0.0,0.0,0.0,0.0,0.0,0.0,0.0,0.0,224,0.0,0.0
2015,48,98,183.0,195,182,48,26,119,137,125,161,102,4.0,283,16,135,88,2.0,8,8.0,0.0,35,24.0,41,38,138,88,30.0,61,9.0,48,49,3.0,53,4.0,3.0,0.0,0.0,0.0,0.0,0.0,0.0,0.0,0.0,0.0,0.0,0.0,0.0,0.0,0.0,0.0,0.0,0.0,0.0,0.0,0.0,0.0,0.0,0.0,0.0,0.0,0.0,182,0.0,0.0
2015,49,107,198.0,257,176,63,37,92,154,142,184,118,4.0,313,21,152,88,2.0,13,10.0,4.0,45,26.0,53,39,135,106,50.0,51,12.0,55,44,6.0,68,11.0,3.0,0.0,0.0,0.0,0.0,0.0,0.0,0.0,0.0,0.0,0.0,0.0,0.0,0.0,0.0,0.0,0.0,0.0,0.0,0.0,0.0,0.0,0.0,0.0,0.0,0.0,0.0,176,0.0,0.0
2015,50,140,218.0,259,247,66,67,128,219,168,202,139,3.0,316,29,189,112,0.0,19,16.0,7.0,32,19.0,67,62,153,97,54.0,94,19.0,52,65,3.0,79,20.0,1.0,0.0,0.0,0.0,0.0,0.0,0.0,0.0,0.0,0.0,0.0,0.0,0.0,0.0,0.0,0.0,0.0,0.0,0.0,0.0,0.0,0.0,0.0,0.0,0.0,0.0,0.0,247,0.0,0.0
2015,51,108,191.0,251,204,52,51,117,179,129,173,106,1.0,339,19,148,95,3.0,18,15.0,4.0,35,23.0,56,35,160,95,40.0,69,6.0,43,46,3.0,63,14.0,3.0,0.0,0.0,0.0,0.0,0.0,0.0,0.0,0.0,0.0,0.0,0.0,0.0,0.0,0.0,0.0,0.0,0.0,0.0,0.0,0.0,0.0,0.0,0.0,0.0,0.0,0.0,204,0.0,0.0
2015,52,61,173.0,143,145,30,29,84,131,86,113,84,5.0,214,22,95,76,1.0,19,6.0,1.0,28,15.0,38,23,103,57,29.0,63,7.0,36,39,0.0,48,11.0,1.0,0.0,0.0,0.0,0.0,0.0,0.0,0.0,0.0,0.0,0.0,0.0,0.0,0.0,0.0,0.0,0.0,0.0,0.0,0.0,0.0,0.0,0.0,0.0,0.0,0.0,0.0,145,0.0,0.0
2015,53,33,100.0,109,97,20,11,48,89,53,65,55,0.0,150,13,50,39,0.0,4,0.0,0.0,16,6.0,25,13,62,37,10.0,25,7.0,18,21,2.0,33,7.0,0.0,0.0,0.0,0.0,0.0,0.0,0.0,0.0,0.0,0.0,0.0,0.0,0.0,0.0,0.0,0.0,0.0,0.0,0.0,0.0,0.0,0.0,0.0,0.0,0.0,0.0,0.0,97,0.0,0.0
2016,1,71,165.0,193,185,35,31,77,144,121,140,94,4.0,251,21,133,59,0.0,9,2.0,1.0,36,17.0,42,28,137,80,15.0,30,15.0,35,38,0.0,55,9.0,3.0,0.0,0.0,0.0,0.0,0.0,0.0,0.0,0.0,0.0,0.0,0.0,0.0,0.0,0.0,0.0,0.0,0.0,0.0,0.0,0.0,0.0,0.0,0.0,0.0,0.0,0.0,185,0.0,0.0
2016,2,46,169.0,213,162,37,30,88,156,94,151,84,2.0,293,18,115,63,1.0,6,3.0,1.0,31,20.0,41,24,129,89,15.0,47,3.0,25,38,0.0,50,5.0,2.0,0.0,0.0,0.0,0.0,0.0,0.0,0.0,0.0,0.0,0.0,0.0,0.0,0.0,0.0,0.0,0.0,0.0,0.0,0.0,0.0,0.0,0.0,0.0,0.0,0.0,0.0,162,0.0,0.0
2016,3,44,102.0,121,121,28,18,42,87,75,100,49,0.0,191,10,79,53,1.0,7,7.0,0.0,14,14.0,23,14,87,56,6.0,18,1.0,11,24,1.0,31,4.0,0.0,0.0,0.0,0.0,0.0,0.0,0.0,0.0,0.0,0.0,0.0,0.0,0.0,0.0,0.0,0.0,0.0,0.0,0.0,0.0,0.0,0.0,0.0,0.0,0.0,0.0,0.0,121,0.0,0.0
2016,4,29,66.0,73,86,18,18,34,58,28,31,29,0.0,110,6,25,35,1.0,6,0.0,1.0,8,9.0,5,7,71,47,6.0,10,0.0,13,19,0.0,17,1.0,0.0,0.0,0.0,0.0,0.0,0.0,0.0,0.0,0.0,0.0,0.0,0.0,0.0,0.0,0.0,0.0,0.0,0.0,0.0,0.0,0.0,0.0,0.0,0.0,0.0,0.0,0.0,86,0.0,0.0
2016,5,73,149.0,171,176,34,27,54,135,109,137,79,0.0,244,9,85,64,2.0,12,4.0,5.0,28,15.0,41,26,103,83,16.0,31,9.0,28,49,3.0,40,2.0,2.0,0.0,0.0,0.0,0.0,0.0,0.0,0.0,0.0,0.0,0.0,0.0,0.0,0.0,0.0,0.0,0.0,0.0,0.0,0.0,0.0,0.0,0.0,0.0,0.0,0.0,0.0,176,0.0,0.0
2016,6,39,74.0,124,158,29,16,34,92,63,116,62,0.0,216,9,60,52,1.0,10,5.0,2.0,13,13.0,29,13,109,78,17.0,18,4.0,20,32,3.0,30,4.0,0.0,0.0,0.0,0.0,0.0,0.0,0.0,0.0,0.0,0.0,0.0,0.0,0.0,0.0,0.0,0.0,0.0,0.0,0.0,0.0,0.0,0.0,0.0,0.0,0.0,0.0,0.0,158,0.0,0.0
2016,7,72,113.0,165,171,39,30,66,92,109,135,78,3.0,214,19,82,72,0.0,11,6.0,5.0,29,15.0,38,24,106,87,22.0,36,12.0,21,59,3.0,40,3.0,5.0,0.0,0.0,0.0,0.0,0.0,0.0,0.0,0.0,0.0,0.0,0.0,0.0,0.0,0.0,0.0,0.0,0.0,0.0,0.0,0.0,0.0,0.0,0.0,0.0,0.0,0.0,171,0.0,0.0
2016,8,74,137.0,191,180,43,40,72,121,120,138,80,0.0,277,25,97,75,0.0,24,5.0,5.0,26,16.0,44,21,100,97,33.0,55,22.0,29,59,1.0,55,6.0,5.0,0.0,0.0,0.0,0.0,0.0,0.0,0.0,0.0,0.0,0.0,0.0,0.0,0.0,0.0,0.0,0.0,0.0,0.0,0.0,0.0,0.0,0.0,0.0,0.0,0.0,0.0,180,0.0,0.0
2016,9,78,145.0,195,199,37,38,76,140,113,143,59,5.0,279,22,88,69,2.0,14,4.0,10.0,36,31.0,51,28,115,88,25.0,48,13.0,43,53,5.0,41,8.0,4.0,0.0,0.0,0.0,0.0,0.0,0.0,0.0,0.0,0.0,0.0,0.0,0.0,0.0,0.0,0.0,0.0,0.0,0.0,0.0,0.0,0.0,0.0,0.0,0.0,0.0,0.0,199,0.0,0.0
2016,10,128,255.0,256,267,48,61,133,243,164,203,167,11.0,399,28,164,124,3.0,22,9.0,8.0,42,37.0,57,38,157,118,47.0,106,29.0,74,109,1.0,58,11.0,3.0,0.0,0.0,0.0,0.0,0.0,0.0,0.0,0.0,0.0,0.0,0.0,0.0,0.0,0.0,0.0,0.0,0.0,0.0,0.0,0.0,0.0,0.0,0.0,0.0,0.0,0.0,267,0.0,0.0
2016,11,85,219.0,210,268,32,55,101,223,130,177,81,8.0,391,27,130,102,4.0,21,8.0,4.0,34,34.0,48,32,145,112,40.0,66,20.0,49,68,4.0,43,5.0,3.0,0.0,0.0,0.0,0.0,0.0,0.0,0.0,0.0,0.0,0.0,0.0,0.0,0.0,0.0,0.0,0.0,0.0,0.0,0.0,0.0,0.0,0.0,0.0,0.0,0.0,0.0,268,0.0,0.0
2016,12,91,222.0,243,300,39,76,104,197,156,169,122,6.0,415,27,129,111,3.0,21,7.0,8.0,38,29.0,52,40,140,115,38.0,67,32.0,78,67,2.0,61,5.0,5.0,0.0,0.0,0.0,0.0,0.0,0.0,0.0,0.0,0.0,0.0,0.0,0.0,0.0,0.0,0.0,0.0,0.0,0.0,0.0,0.0,0.0,0.0,0.0,0.0,0.0,0.0,300,0.0,0.0
2016,13,96,208.0,152,308,41,66,111,192,123,161,93,10.0,370,20,118,100,0.0,27,9.0,10.0,43,23.0,51,22,120,95,49.0,50,26.0,67,60,1.0,55,3.0,1.0,0.0,0.0,0.0,0.0,0.0,0.0,0.0,0.0,0.0,0.0,0.0,0.0,0.0,0.0,0.0,0.0,0.0,0.0,0.0,0.0,0.0,0.0,0.0,0.0,0.0,0.0,308,0.0,0.0
2016,14,72,177.0,200,242,18,42,85,184,92,171,76,7.0,340,15,122,82,0.0,18,8.0,4.0,30,21.0,43,15,118,97,38.0,51,12.0,57,55,0.0,44,5.0,3.0,0.0,0.0,0.0,0.0,0.0,0.0,0.0,0.0,0.0,0.0,0.0,0.0,0.0,0.0,0.0,0.0,0.0,0.0,0.0,0.0,0.0,0.0,0.0,0.0,0.0,0.0,242,0.0,0.0
2016,15,113,335.0,296,297,52,67,147,280,168,196,185,8.0,432,38,168,159,5.0,33,8.0,6.0,52,47.0,59,47,158,125,50.0,88,25.0,72,156,6.0,75,7.0,2.0,0.0,0.0,0.0,0.0,0.0,0.0,0.0,0.0,0.0,0.0,0.0,0.0,0.0,0.0,0.0,0.0,0.0,0.0,0.0,0.0,0.0,0.0,0.0,0.0,0.0,0.0,297,0.0,0.0
2016,16,191,406.0,357,331,48,89,177,338,195,236,225,10.0,536,50,269,178,2.0,44,7.0,9.0,61,39.0,87,53,175,131,60.0,112,43.0,88,188,7.0,84,12.0,7.0,0.0,0.0,0.0,0.0,0.0,0.0,0.0,0.0,0.0,0.0,0.0,0.0,0.0,0.0,0.0,0.0,0.0,0.0,0.0,0.0,0.0,0.0,0.0,0.0,0.0,0.0,331,0.0,0.0
2016,17,133,360.0,269,319,38,79,156,246,171,230,177,11.0,483,30,237,151,0.0,38,10.0,8.0,37,52.0,68,34,149,111,45.0,101,27.0,68,206,2.0,64,20.0,3.0,0.0,0.0,0.0,0.0,0.0,0.0,0.0,0.0,0.0,0.0,0.0,0.0,0.0,0.0,0.0,0.0,0.0,0.0,0.0,0.0,0.0,0.0,0.0,0.0,0.0,0.0,319,0.0,0.0
2016,18,113,254.0,225,342,33,90,110,234,142,184,118,6.0,459,31,162,117,6.0,30,6.0,7.0,39,36.0,58,32,131,102,47.0,66,24.0,63,100,1.0,57,12.0,1.0,0.0,0.0,0.0,0.0,0.0,0.0,0.0,0.0,0.0,0.0,0.0,0.0,0.0,0.0,0.0,0.0,0.0,0.0,0.0,0.0,0.0,0.0,0.0,0.0,0.0,0.0,342,0.0,0.0
2016,19,155,391.0,331,394,55,109,154,327,201,233,204,8.0,534,45,217,159,2.0,46,9.0,12.0,50,37.0,93,48,193,147,59.0,113,45.0,69,154,2.0,93,20.0,7.0,0.0,0.0,0.0,0.0,0.0,0.0,0.0,0.0,0.0,0.0,0.0,0.0,0.0,0.0,0.0,0.0,0.0,0.0,0.0,0.0,0.0,0.0,0.0,0.0,0.0,0.0,394,0.0,0.0
2016,20,136,385.0,318,356,49,103,150,306,181,250,212,12.0,551,45,259,168,1.0,35,8.0,5.0,43,48.0,92,60,179,131,64.0,94,38.0,74,196,3.0,98,20.0,6.0,0.0,0.0,0.0,0.0,0.0,0.0,0.0,0.0,0.0,0.0,0.0,0.0,0.0,0.0,0.0,0.0,0.0,0.0,0.0,0.0,0.0,0.0,0.0,0.0,0.0,0.0,356,0.0,0.0
2016,21,148,436.0,355,406,52,136,186,297,194,225,245,4.0,630,44,282,197,1.0,52,5.0,2.0,60,57.0,81,50,181,132,60.0,124,52.0,70,205,3.0,96,24.0,12.0,0.0,0.0,0.0,0.0,0.0,0.0,0.0,0.0,0.0,0.0,0.0,0.0,0.0,0.0,0.0,0.0,0.0,0.0,0.0,0.0,0.0,0.0,0.0,0.0,0.0,0.0,406,0.0,0.0
2016,22,202,413.0,268,308,53,123,171,289,205,183,230,10.0,498,45,290,156,1.0,42,9.0,2.0,75,55.0,85,57,203,117,58.0,107,38.0,74,186,9.0,82,20.0,10.0,0.0,0.0,0.0,0.0,0.0,0.0,0.0,0.0,0.0,0.0,0.0,0.0,0.0,0.0,0.0,0.0,0.0,0.0,0.0,0.0,0.0,0.0,0.0,0.0,0.0,0.0,308,0.0,0.0
2016,23,201,470.0,365,383,64,140,190,328,230,248,230,7.0,590,54,277,170,4.0,53,6.0,3.0,77,59.0,93,63,196,142,74.0,140,49.0,76,196,5.0,97,29.0,14.0,0.0,0.0,0.0,0.0,0.0,0.0,0.0,0.0,0.0,0.0,0.0,0.0,0.0,0.0,0.0,0.0,0.0,0.0,0.0,0.0,0.0,0.0,0.0,0.0,0.0,0.0,383,0.0,0.0
2016,24,214,513.0,334,462,63,172,194,393,250,267,279,8.0,621,58,324,232,2.0,53,13.0,2.0,80,65.0,86,70,206,161,81.0,146,59.0,100,228,5.0,88,26.0,5.0,0.0,0.0,0.0,0.0,0.0,0.0,0.0,0.0,0.0,0.0,0.0,0.0,0.0,0.0,0.0,0.0,0.0,0.0,0.0,0.0,0.0,0.0,0.0,0.0,0.0,0.0,462,0.0,0.0
2016,25,195,481.0,350,483,65,142,211,351,243,309,344,9.0,649,55,355,228,8.0,54,10.0,6.0,64,71.0,99,69,227,174,73.0,126,74.0,101,238,10.0,83,29.0,9.0,0.0,0.0,0.0,0.0,0.0,0.0,0.0,0.0,0.0,0.0,0.0,0.0,0.0,0.0,0.0,0.0,0.0,0.0,0.0,0.0,0.0,0.0,0.0,0.0,0.0,0.0,483,0.0,0.0
2016,26,197,447.0,306,425,60,131,236,376,202,237,264,10.0,577,65,260,211,2.0,57,7.0,3.0,61,64.0,86,57,204,163,64.0,140,52.0,76,185,14.0,93,33.0,2.0,0.0,0.0,0.0,0.0,0.0,0.0,0.0,0.0,0.0,0.0,0.0,0.0,0.0,0.0,0.0,0.0,0.0,0.0,0.0,0.0,0.0,0.0,0.0,0.0,0.0,0.0,425,0.0,0.0
2016,27,179,480.0,314,343,61,143,204,340,236,237,309,13.0,569,57,343,186,1.0,55,7.0,3.0,76,69.0,87,59,198,152,55.0,151,58.0,76,230,7.0,88,38.0,11.0,0.0,0.0,0.0,0.0,0.0,0.0,0.0,0.0,0.0,0.0,0.0,0.0,0.0,0.0,0.0,0.0,0.0,0.0,0.0,0.0,0.0,0.0,0.0,0.0,0.0,0.0,343,0.0,0.0
2016,28,204,468.0,368,458,74,142,248,387,227,253,302,9.0,608,54,325,229,4.0,56,14.0,3.0,62,62.0,77,76,256,173,53.0,109,54.0,79,168,8.0,85,35.0,8.0,0.0,0.0,0.0,0.0,0.0,0.0,0.0,0.0,0.0,0.0,0.0,0.0,0.0,0.0,0.0,0.0,0.0,0.0,0.0,0.0,0.0,0.0,0.0,0.0,0.0,0.0,458,0.0,0.0
2016,29,212,481.0,327,416,59,159,237,346,245,261,295,13.0,596,44,260,197,5.0,48,16.0,3.0,66,74.0,107,66,204,161,65.0,132,61.0,65,187,5.0,102,36.0,7.0,75.0,128.0,47.0,9.0,0.0,0.0,0.0,0.0,0.0,0.0,0.0,0.0,0.0,0.0,0.0,0.0,0.0,0.0,0.0,0.0,0.0,0.0,0.0,0.0,0.0,0.0,416,0.0,0.0
2016,30,232,443.0,298,393,53,107,207,349,234,208,245,11.0,537,41,158,172,3.0,36,12.0,5.0,74,59.0,95,65,184,163,49.0,90,34.0,60,98,8.0,69,28.0,8.0,124.0,265.0,124.0,19.0,43.0,38.0,55.0,26.0,14.0,2.0,2.0,2.0,0.0,0.0,0.0,0.0,0.0,0.0,0.0,0.0,0.0,0.0,0.0,0.0,0.0,0.0,393,0.0,0.0
2016,31,212,676.0,418,454,62,127,263,418,215,251,313,9.0,860,40,211,280,11.0,49,12.0,12.0,78,72.0,99,89,225,202,45.0,142,42.0,97,201,10.0,80,42.0,5.0,153.0,296.0,151.0,29.0,135.0,101.0,182.0,66.0,111.0,0.0,39.0,9.0,0.0,0.0,0.0,0.0,0.0,0.0,0.0,0.0,0.0,0.0,0.0,0.0,0.0,0.0,454,0.0,0.0
2016,32,248,563.0,352,454,59,132,221,391,233,213,269,3.0,837,40,158,201,6.0,52,5.0,9.0,76,59.0,106,110,182,190,69.0,106,44.0,91,162,9.0,95,25.0,14.0,150.0,279.0,167.0,34.0,179.0,112.0,204.0,74.0,119.0,0.0,38.0,2.0,0.0,0.0,0.0,0.0,0.0,0.0,0.0,0.0,0.0,0.0,0.0,0.0,0.0,0.0,454,0.0,0.0
2016,33,256,607.0,394,441,63,138,264,371,241,211,254,9.0,867,40,296,231,5.0,44,10.0,5.0,75,46.0,113,79,205,181,47.0,112,46.0,95,190,11.0,85,40.0,10.0,168.0,205.0,178.0,46.0,181.0,120.0,214.0,76.0,122.0,3.0,35.0,3.0,0.0,0.0,0.0,0.0,0.0,0.0,0.0,0.0,0.0,0.0,0.0,0.0,0.0,0.0,441,0.0,0.0
2016,34,217,737.0,422,502,56,141,313,471,277,237,321,5.0,919,56,296,258,3.0,47,13.0,4.0,78,76.0,105,79,228,229,69.0,183,40.0,112,228,7.0,102,34.0,11.0,190.0,208.0,188.0,38.0,157.0,132.0,274.0,117.0,159.0,2.0,30.0,2.0,0.0,0.0,0.0,0.0,0.0,0.0,0.0,0.0,0.0,0.0,0.0,0.0,0.0,0.0,502,0.0,0.0
2016,35,217,656.0,424,437,59,118,226,393,235,208,264,7.0,864,43,196,270,6.0,45,14.0,2.0,81,50.0,80,64,214,182,52.0,101,42.0,103,217,8.0,72,38.0,5.0,173.0,330.0,146.0,48.0,180.0,112.0,234.0,82.0,150.0,0.0,26.0,2.0,0.0,0.0,0.0,0.0,0.0,0.0,0.0,0.0,0.0,0.0,0.0,0.0,0.0,0.0,437,0.0,0.0
2016,36,229,556.0,418,422,67,120,280,396,255,220,286,8.0,815,51,218,262,6.0,59,14.0,5.0,83,53.0,114,79,240,224,47.0,130,46.0,117,200,9.0,79,33.0,6.0,192.0,384.0,190.0,40.0,193.0,126.0,274.0,94.0,162.0,8.0,29.0,3.0,0.0,0.0,0.0,0.0,0.0,0.0,0.0,0.0,0.0,0.0,0.0,0.0,0.0,0.0,422,0.0,0.0
2016,37,252,632.0,467,477,78,145,320,406,254,229,242,12.0,1013,41,252,254,6.0,58,19.0,7.0,86,77.0,116,92,232,230,65.0,151,45.0,90,191,1.0,73,17.0,5.0,205.0,361.0,185.0,48.0,209.0,125.0,294.0,134.0,188.0,1.0,32.0,0.0,0.0,0.0,0.0,0.0,0.0,0.0,0.0,0.0,0.0,0.0,0.0,0.0,0.0,0.0,477,0.0,0.0
2016,38,215,610.0,458,459,61,105,260,354,232,219,257,17.0,960,43,230,263,10.0,50,21.0,4.0,92,58.0,115,91,218,227,54.0,148,47.0,108,176,6.0,69,19.0,6.0,219.0,320.0,157.0,40.0,183.0,147.0,272.0,92.0,173.0,5.0,33.0,0.0,0.0,0.0,0.0,0.0,0.0,0.0,0.0,0.0,0.0,0.0,0.0,0.0,0.0,0.0,459,0.0,0.0
2016,39,193,495.0,435,436,59,115,207,321,194,200,166,13.0,873,34,182,184,10.0,47,10.0,7.0,76,51.0,115,84,175,205,37.0,110,42.0,63,117,2.0,66,23.0,7.0,195.0,294.0,193.0,37.0,191.0,141.0,235.0,90.0,127.0,1.0,30.0,0.0,0.0,0.0,0.0,0.0,0.0,0.0,0.0,0.0,0.0,0.0,0.0,0.0,0.0,0.0,436,0.0,0.0
2016,40,198,468.0,424,519,52,117,231,322,243,210,183,11.0,888,38,195,181,5.0,48,18.0,6.0,64,71.0,122,65,184,194,41.0,103,40.0,60,140,3.0,62,24.0,13.0,153.0,325.0,166.0,52.0,216.0,128.0,213.0,88.0,160.0,1.0,33.0,0.0,0.0,0.0,0.0,0.0,0.0,0.0,0.0,0.0,0.0,0.0,0.0,0.0,0.0,0.0,519,0.0,0.0
2016,41,205,520.0,372,460,58,109,237,321,236,206,232,7.0,913,57,224,213,3.0,63,11.0,4.0,83,66.0,117,73,209,219,41.0,117,38.0,61,175,1.0,64,18.0,17.0,216.0,322.0,183.0,34.0,223.0,172.0,271.0,112.0,155.0,2.0,35.0,0.0,0.0,0.0,0.0,0.0,0.0,0.0,0.0,0.0,0.0,0.0,0.0,0.0,0.0,0.0,460,0.0,0.0
2016,42,209,452.0,403,463,39,97,222,254,244,213,205,5.0,778,39,213,202,7.0,53,21.0,5.0,82,59.0,109,76,173,161,47.0,100,38.0,70,131,3.0,68,18.0,12.0,211.0,252.0,161.0,34.0,223.0,147.0,197.0,105.0,166.0,0.0,35.0,0.0,0.0,0.0,0.0,0.0,0.0,0.0,0.0,0.0,0.0,0.0,0.0,0.0,0.0,0.0,463,0.0,0.0
2016,43,194,382.0,353,368,39,87,157,222,190,171,138,5.0,643,31,188,151,6.0,43,13.0,1.0,60,48.0,93,46,181,163,37.0,99,46.0,42,129,4.0,49,13.0,15.0,186.0,258.0,138.0,34.0,158.0,138.0,205.0,82.0,105.0,0.0,22.0,0.0,22.0,3.0,0.0,0.0,0.0,0.0,0.0,0.0,0.0,0.0,0.0,0.0,0.0,0.0,368,0.0,0.0
2016,44,235,475.0,408,347,31,84,218,290,224,162,180,5.0,753,35,227,164,2.0,43,20.0,3.0,67,44.0,86,40,185,165,40.0,127,40.0,51,157,5.0,52,12.0,12.0,185.0,258.0,164.0,52.0,174.0,161.0,203.0,108.0,154.0,1.0,20.0,1.0,107.0,19.0,1.0,0.0,0.0,0.0,0.0,0.0,0.0,0.0,0.0,0.0,0.0,0.0,347,0.0,0.0
2016,45,152,370.0,367,292,35,71,196,199,209,154,136,4.0,622,35,132,127,4.0,34,20.0,3.0,49,38.0,88,44,215,145,42.0,83,29.0,49,73,5.0,40,15.0,10.0,190.0,279.0,139.0,59.0,130.0,163.0,150.0,70.0,115.0,0.0,23.0,2.0,110.0,21.0,0.0,0.0,0.0,0.0,0.0,0.0,0.0,0.0,0.0,0.0,0.0,0.0,292,0.0,0.0
2016,46,152,381.0,335,325,42,67,148,198,164,158,160,2.0,649,30,131,114,6.0,36,21.0,2.0,60,26.0,93,59,153,178,28.0,73,29.0,40,87,4.0,54,12.0,14.0,168.0,261.0,154.0,34.0,119.0,129.0,132.0,65.0,125.0,0.0,23.0,9.0,101.0,25.0,0.0,2.0,0.0,0.0,0.0,0.0,0.0,0.0,0.0,0.0,0.0,0.0,325,0.0,0.0
2016,47,96,226.0,255,199,27,54,114,143,124,108,91,9.0,432,15,89,78,5.0,13,10.0,2.0,32,17.0,50,32,128,121,26.0,68,12.0,27,72,9.0,29,14.0,11.0,113.0,172.0,97.0,32.0,80.0,91.0,97.0,47.0,101.0,1.0,16.0,6.0,93.0,18.0,0.0,7.0,0.0,0.0,0.0,0.0,0.0,0.0,0.0,0.0,0.0,0.0,199,0.0,0.0
2016,48,117,264.0,266,237,23,52,97,153,155,116,68,5.0,451,16,103,82,4.0,15,11.0,4.0,25,17.0,83,38,126,114,36.0,62,19.0,41,66,11.0,37,13.0,8.0,168.0,191.0,112.0,37.0,85.0,109.0,108.0,74.0,83.0,0.0,18.0,1.0,110.0,16.0,0.0,9.0,0.0,0.0,0.0,0.0,0.0,0.0,0.0,0.0,0.0,0.0,237,0.0,0.0
2016,49,96,289.0,231,290,23,50,84,130,115,105,65,3.0,517,20,87,100,5.0,15,16.0,3.0,27,20.0,90,29,104,137,21.0,52,15.0,29,60,4.0,39,11.0,13.0,139.0,182.0,122.0,28.0,106.0,104.0,126.0,57.0,79.0,1.0,12.0,5.0,104.0,21.0,0.0,5.0,0.0,0.0,0.0,0.0,0.0,0.0,0.0,0.0,0.0,0.0,290,0.0,0.0
2016,50,107,253.0,196,235,25,47,57,121,100,91,53,0.0,464,19,76,76,7.0,12,7.0,4.0,25,21.0,69,41,96,120,24.0,43,7.0,19,48,1.0,40,18.0,2.0,115.0,124.0,91.0,21.0,85.0,93.0,104.0,36.0,80.0,1.0,8.0,5.0,85.0,13.0,0.0,5.0,0.0,0.0,0.0,0.0,0.0,0.0,0.0,0.0,0.0,0.0,235,0.0,0.0
2016,51,86,250.0,165,203,12,32,71,119,98,77,65,1.0,411,14,68,76,7.0,11,8.0,6.0,22,17.0,52,20,96,78,26.0,52,10.0,31,55,3.0,34,9.0,7.0,95.0,134.0,75.0,18.0,84.0,88.0,75.0,45.0,67.0,0.0,11.0,3.0,74.0,22.0,0.0,1.0,0.0,0.0,0.0,0.0,0.0,0.0,0.0,0.0,0.0,0.0,203,0.0,0.0
2016,52,57,157.0,110,126,17,32,66,75,81,63,34,0.0,284,13,44,52,3.0,11,1.0,2.0,15,12.0,31,17,92,59,14.0,46,9.0,16,34,5.0,24,10.0,3.0,64.0,120.0,67.0,12.0,59.0,61.0,44.0,25.0,55.0,0.0,8.0,5.0,53.0,19.0,0.0,5.0,0.0,0.0,0.0,0.0,0.0,0.0,0.0,0.0,0.0,0.0,126,0.0,0.0
2016,53,25,31.0,39,52,22,9,37,44,28,22,32,0.0,63,12,33,17,0.0,5,0.0,0.0,8,5.0,15,8,37,23,2.0,7,7.0,11,18,0.0,26,6.0,2.0,0.0,0.0,0.0,0.0,0.0,0.0,0.0,0.0,0.0,0.0,0.0,0.0,0.0,0.0,0.0,0.0,0.0,0.0,0.0,0.0,0.0,0.0,0.0,0.0,0.0,0.0,52,0.0,0.0
2017,1,72,169.0,145,176,9,40,42,80,54,53,30,0.0,342,11,53,39,2.0,7,3.0,0.0,16,10.0,54,13,59,72,19.0,29,16.0,23,42,7.0,24,10.0,4.0,53.0,105.0,68.0,16.0,57.0,52.0,52.0,32.0,45.0,0.0,6.0,4.0,48.0,18.0,0.0,9.0,0.0,0.0,0.0,0.0,0.0,0.0,0.0,0.0,0.0,0.0,176,0.0,0.0
2017,2,110,222.0,218,188,16,28,83,131,91,80,56,0.0,380,10,72,75,6.0,10,3.0,2.0,26,15.0,65,30,96,87,20.0,63,10.0,29,41,6.0,28,13.0,8.0,88.0,130.0,66.0,20.0,78.0,82.0,68.0,40.0,55.0,0.0,8.0,5.0,81.0,23.0,0.0,5.0,0.0,0.0,0.0,0.0,0.0,0.0,0.0,0.0,0.0,0.0,188,0.0,0.0
2017,3,94,241.0,209,175,21,41,104,117,109,90,68,0.0,400,17,92,78,6.0,12,10.0,5.0,24,15.0,54,31,101,76,27.0,70,15.0,29,51,6.0,24,11.0,10.0,88.0,157.0,96.0,17.0,80.0,82.0,77.0,52.0,64.0,0.0,12.0,2.0,77.0,24.0,0.0,8.0,0.0,0.0,0.0,0.0,0.0,0.0,0.0,0.0,0.0,0.0,175,0.0,0.0
2017,4,100,219.0,215,179,26,49,74,113,90,83,48,0.0,357,8,76,69,3.0,15,8.0,5.0,17,12.0,58,27,87,71,23.0,36,10.0,20,31,6.0,31,7.0,6.0,99.0,146.0,77.0,7.0,71.0,94.0,90.0,51.0,50.0,1.0,6.0,1.0,80.0,31.0,0.0,8.0,0.0,0.0,0.0,0.0,0.0,0.0,0.0,0.0,0.0,0.0,179,0.0,0.0
2017,5,98,230.0,222,214,30,36,86,121,108,103,54,1.0,442,11,89,82,6.0,16,13.0,3.0,20,21.0,56,24,103,81,30.0,43,14.0,28,48,11.0,33,10.0,2.0,99.0,175.0,83.0,20.0,93.0,113.0,103.0,65.0,83.0,0.0,9.0,2.0,89.0,29.0,0.0,1.0,0.0,0.0,0.0,0.0,0.0,0.0,0.0,0.0,0.0,0.0,214,0.0,0.0
2017,6,81,146.0,136,159,10,22,69,78,86,48,44,0.0,281,10,52,47,2.0,10,7.0,2.0,13,10.0,37,22,63,57,17.0,31,12.0,13,26,4.0,11,5.0,3.0,63.0,81.0,62.0,16.0,33.0,53.0,55.0,39.0,44.0,0.0,7.0,1.0,44.0,16.0,0.0,1.0,0.0,0.0,0.0,0.0,0.0,0.0,0.0,0.0,0.0,0.0,159,0.0,0.0
2017,7,145,218.0,196,217,26,32,101,139,143,114,88,2.0,435,11,83,125,5.0,16,12.0,6.0,29,17.0,61,15,113,52,32.0,72,12.0,26,84,11.0,32,8.0,4.0,96.0,167.0,119.0,13.0,70.0,108.0,103.0,54.0,70.0,0.0,8.0,0.0,86.0,23.0,0.0,1.0,0.0,0.0,0.0,0.0,0.0,0.0,0.0,0.0,0.0,0.0,217,0.0,0.0
2017,8,149,310.0,257,255,36,57,150,180,146,114,122,0.0,454,30,86,120,6.0,30,11.0,3.0,50,22.0,98,40,163,85,39.0,72,19.0,30,105,10.0,37,18.0,6.0,133.0,200.0,120.0,35.0,92.0,118.0,120.0,66.0,98.0,0.0,17.0,5.0,89.0,26.0,0.0,3.0,0.0,0.0,0.0,0.0,0.0,0.0,0.0,0.0,0.0,0.0,255,0.0,0.0
2017,9,151,316.0,238,250,34,40,114,159,139,107,83,0.0,484,4,97,95,11.0,24,9.0,3.0,37,22.0,78,26,141,71,23.0,53,13.0,21,76,5.0,30,18.0,6.0,115.0,157.0,114.0,30.0,96.0,102.0,110.0,84.0,81.0,1.0,13.0,2.0,100.0,29.0,0.0,10.0,0.0,0.0,0.0,0.0,0.0,0.0,0.0,0.0,0.0,0.0,250,0.0,0.0
2017,10,120,256.0,220,237,28,33,95,112,112,104,64,1.0,407,13,94,73,5.0,24,3.0,2.0,29,16.0,71,25,101,91,28.0,32,13.0,18,60,4.0,53,18.0,2.0,86.0,155.0,87.0,22.0,66.0,98.0,105.0,53.0,65.0,2.0,18.0,5.0,88.0,28.0,0.0,14.0,0.0,0.0,0.0,0.0,0.0,0.0,0.0,0.0,0.0,0.0,237,0.0,0.0
2017,11,18,40.0,33,33,4,13,25,37,30,23,8,1.0,96,2,9,12,0.0,3,2.0,0.0,6,3.0,10,6,17,8,4.0,16,3.0,2,10,2.0,6,1.0,0.0,15.0,10.0,17.0,4.0,13.0,7.0,21.0,7.0,8.0,0.0,2.0,1.0,13.0,2.0,0.0,2.0,0.0,0.0,0.0,0.0,0.0,0.0,0.0,0.0,0.0,0.0,33,0.0,0.0
2017,12,111,260.0,214,198,23,46,113,140,96,95,77,1.0,452,13,75,67,4.0,19,8.0,2.0,34,6.0,55,29,106,70,18.0,42,25.0,19,74,6.0,33,18.0,2.0,72.0,148.0,99.0,21.0,92.0,73.0,83.0,53.0,50.0,1.0,7.0,2.0,73.0,26.0,0.0,8.0,0.0,0.0,0.0,0.0,0.0,0.0,0.0,0.0,0.0,0.0,198,0.0,0.0
2017,13,84,220.0,204,205,15,35,117,140,80,81,79,1.0,431,10,70,86,7.0,15,12.0,4.0,22,8.0,66,13,103,54,18.0,61,13.0,25,70,6.0,37,15.0,1.0,72.0,139.0,93.0,20.0,63.0,86.0,69.0,46.0,69.0,3.0,14.0,7.0,61.0,25.0,0.0,6.0,0.0,0.0,0.0,0.0,0.0,0.0,0.0,0.0,0.0,0.0,205,0.0,0.0
2017,14,121,290.0,264,223,23,56,151,184,149,113,118,3.0,458,17,127,116,3.0,24,6.0,7.0,30,21.0,71,19,121,82,15.0,83,21.0,42,104,2.0,37,17.0,4.0,81.0,171.0,94.0,29.0,95.0,77.0,106.0,80.0,102.0,5.0,15.0,2.0,86.0,24.0,0.0,10.0,0.0,0.0,0.0,0.0,0.0,0.0,0.0,0.0,0.0,0.0,223,0.0,0.0
2017,15,210,384.0,337,296,41,72,168,266,174,143,235,2.0,603,35,146,169,8.0,41,14.0,3.0,51,27.0,86,50,174,97,29.0,127,31.0,56,199,6.0,35,58.0,11.0,120.0,240.0,114.0,52.0,104.0,70.0,171.0,100.0,134.0,0.0,27.0,12.0,81.0,34.0,0.0,23.0,0.0,0.0,0.0,0.0,0.0,0.0,0.0,0.0,0.0,0.0,296,0.0,0.0
2017,16,149,349.0,294,341,44,71,174,224,157,124,156,4.0,572,23,129,138,4.0,27,11.0,4.0,52,21.0,110,49,157,104,40.0,129,41.0,51,92,7.0,58,30.0,12.0,105.0,206.0,85.0,28.0,127.0,86.0,149.0,87.0,116.0,2.0,25.0,2.0,100.0,26.0,0.0,11.0,0.0,0.0,0.0,0.0,0.0,0.0,0.0,0.0,0.0,0.0,341,0.0,0.0
2017,17,158,379.0,317,319,46,61,156,250,172,158,182,4.0,558,23,155,147,4.0,33,14.0,9.0,37,35.0,95,35,172,109,32.0,110,22.0,51,171,7.0,56,26.0,13.0,145.0,215.0,121.0,48.0,91.0,79.0,143.0,93.0,136.0,0.0,26.0,2.0,97.0,24.0,0.0,9.0,0.0,0.0,0.0,0.0,0.0,0.0,0.0,0.0,0.0,0.0,319,0.0,0.0
2017,18,201,348.0,330,317,44,68,184,244,187,135,188,2.0,648,27,168,147,6.0,31,10.0,11.0,51,29.0,88,41,177,123,32.0,116,30.0,60,139,8.0,50,26.0,15.0,154.0,268.0,160.0,44.0,114.0,103.0,176.0,95.0,135.0,6.0,25.0,8.0,107.0,24.0,0.0,13.0,0.0,0.0,0.0,0.0,0.0,0.0,0.0,0.0,0.0,0.0,317,0.0,0.0
2017,19,175,356.0,295,317,50,72,176,214,182,151,166,3.0,747,20,172,132,3.0,30,11.0,6.0,38,28.0,106,48,172,120,36.0,100,25.0,54,140,5.0,45,22.0,12.0,139.0,235.0,126.0,46.0,108.0,98.0,154.0,95.0,150.0,1.0,29.0,6.0,124.0,35.0,0.0,17.0,0.0,0.0,0.0,0.0,0.0,0.0,0.0,0.0,0.0,0.0,317,0.0,0.0
2017,20,207,436.0,346,322,38,99,224,308,215,187,248,12.0,844,28,186,208,6.0,55,10.0,5.0,52,34.0,95,76,211,124,37.0,136,36.0,64,228,5.0,60,18.0,13.0,163.0,291.0,173.0,53.0,122.0,145.0,228.0,116.0,137.0,1.0,25.0,10.0,159.0,37.0,0.0,23.0,0.0,0.0,0.0,0.0,0.0,0.0,0.0,0.0,0.0,0.0,322,0.0,0.0
2017,21,157,355.0,249,273,35,74,197,256,166,120,171,6.0,650,22,155,175,4.0,42,11.0,7.0,53,27.0,91,78,165,129,33.0,107,24.0,50,159,6.0,52,17.0,7.0,130.0,216.0,111.0,46.0,95.0,87.0,180.0,87.0,157.0,0.0,22.0,4.0,112.0,30.0,0.0,14.0,0.0,0.0,0.0,0.0,0.0,0.0,0.0,0.0,0.0,0.0,273,0.0,0.0
2017,22,195,375.0,359,317,71,107,210,245,184,170,198,1.0,792,38,200,186,7.0,39,5.0,3.0,72,31.0,101,59,207,122,29.0,157,35.0,44,173,11.0,69,27.0,6.0,145.0,282.0,140.0,57.0,112.0,132.0,198.0,103.0,190.0,0.0,40.0,5.0,138.0,35.0,0.0,17.0,0.0,0.0,0.0,0.0,0.0,0.0,0.0,0.0,0.0,0.0,317,0.0,0.0
2017,23,226,520.0,483,346,53,99,253,305,216,173,248,14.0,886,52,191,223,3.0,40,2.0,5.0,56,28.0,119,63,223,136,33.0,158,46.0,58,203,9.0,55,27.0,10.0,176.0,313.0,166.0,73.0,119.0,79.0,186.0,126.0,180.0,0.0,36.0,10.0,135.0,41.0,0.0,16.0,0.0,0.0,0.0,0.0,0.0,0.0,0.0,0.0,0.0,0.0,346,0.0,0.0
2017,24,221,469.0,479,343,41,84,249,303,230,180,247,4.0,844,34,244,213,3.0,32,2.0,7.0,44,44.0,97,69,205,148,28.0,114,38.0,48,182,10.0,53,30.0,10.0,156.0,268.0,181.0,81.0,139.0,128.0,195.0,99.0,214.0,0.0,41.0,8.0,145.0,41.0,0.0,22.0,0.0,0.0,0.0,0.0,0.0,0.0,0.0,0.0,0.0,0.0,343,0.0,0.0
2017,25,229,545.0,491,375,62,89,252,295,231,198,215,6.0,874,40,238,207,9.0,44,5.0,6.0,55,49.0,114,81,234,151,34.0,146,53.0,67,194,8.0,72,28.0,16.0,167.0,325.0,151.0,71.0,141.0,138.0,200.0,124.0,204.0,2.0,25.0,3.0,154.0,48.0,0.0,30.0,0.0,0.0,0.0,0.0,0.0,0.0,0.0,0.0,0.0,0.0,375,0.0,0.0
2017,26,198,547.0,495,404,63,116,248,344,242,193,261,7.0,852,55,229,228,13.0,52,8.0,1.0,61,36.0,140,72,226,166,40.0,124,45.0,81,150,7.0,74,32.0,18.0,155.0,338.0,156.0,76.0,117.0,115.0,219.0,126.0,246.0,0.0,40.0,13.0,154.0,56.0,1.0,16.0,0.0,0.0,0.0,0.0,0.0,0.0,0.0,0.0,0.0,0.0,404,0.0,0.0
2017,27,191,364.0,476,342,60,100,315,312,222,174,301,3.0,813,38,190,229,13.0,47,6.0,9.0,53,35.0,101,96,231,135,32.0,180,47.0,53,219,16.0,67,34.0,15.0,138.0,311.0,161.0,71.0,95.0,133.0,218.0,128.0,239.0,2.0,36.0,13.0,126.0,43.0,0.0,16.0,0.0,0.0,0.0,0.0,0.0,0.0,0.0,0.0,0.0,0.0,342,0.0,0.0
2017,28,204,533.0,521,434,70,109,253,317,279,176,224,10.0,831,46,233,175,6.0,47,4.0,0.0,58,30.0,104,75,215,171,31.0,159,45.0,68,188,3.0,49,28.0,18.0,158.0,292.0,183.0,70.0,122.0,135.0,224.0,153.0,221.0,0.0,47.0,7.0,175.0,54.0,0.0,25.0,0.0,0.0,0.0,0.0,0.0,0.0,0.0,0.0,0.0,0.0,434,0.0,0.0
2017,29,235,568.0,526,431,77,112,332,321,269,190,244,6.0,883,61,215,223,5.0,56,6.0,8.0,59,37.0,124,62,234,170,48.0,134,53.0,49,192,6.0,67,30.0,19.0,197.0,317.0,188.0,76.0,140.0,116.0,217.0,158.0,209.0,0.0,37.0,7.0,175.0,59.0,0.0,26.0,0.0,0.0,0.0,0.0,0.0,0.0,0.0,0.0,0.0,0.0,431,0.0,0.0
2017,30,223,621.0,531,423,74,124,301,329,247,204,224,9.0,903,45,222,208,7.0,54,4.0,5.0,66,25.0,114,62,279,167,43.0,179,44.0,80,197,8.0,69,31.0,27.0,162.0,309.0,183.0,78.0,147.0,141.0,247.0,132.0,192.0,0.0,48.0,10.0,165.0,46.0,0.0,31.0,0.0,0.0,0.0,0.0,0.0,0.0,0.0,0.0,0.0,0.0,423,0.0,0.0
2017,31,232,620.0,544,425,70,100,304,356,244,211,295,17.0,873,58,220,235,4.0,60,3.0,5.0,65,43.0,109,92,262,180,9.0,148,9.0,68,218,17.0,73,37.0,26.0,155.0,332.0,221.0,74.0,141.0,156.0,261.0,160.0,209.0,3.0,56.0,9.0,150.0,60.0,0.0,29.0,0.0,0.0,0.0,0.0,0.0,0.0,0.0,0.0,0.0,0.0,425,0.0,0.0
2017,32,225,498.0,547,322,70,113,307,301,271,190,264,8.0,849,68,240,181,16.0,61,3.0,7.0,80,39.0,123,67,225,164,0.0,145,0.0,54,220,5.0,79,36.0,30.0,159.0,343.0,174.0,71.0,157.0,147.0,230.0,139.0,246.0,1.0,58.0,6.0,153.0,55.0,0.0,21.0,22.0,0.0,0.0,0.0,0.0,0.0,0.0,0.0,0.0,0.0,322,0.0,0.0
2017,33,180,510.0,498,377,72,97,310,324,262,205,307,5.0,946,63,227,205,7.0,78,8.0,5.0,61,30.0,131,74,248,182,0.0,115,0.0,63,227,5.0,76,42.0,27.0,162.0,361.0,198.0,65.0,125.0,153.0,219.0,157.0,216.0,1.0,55.0,8.0,174.0,60.0,0.0,34.0,33.0,0.0,0.0,0.0,0.0,0.0,0.0,0.0,0.0,0.0,377,0.0,0.0
2017,34,188,549.0,553,389,74,110,310,336,257,205,292,8.0,966,53,282,222,11.0,57,5.0,3.0,53,44.0,121,87,213,187,0.0,179,0.0,56,251,11.0,76,41.0,31.0,189.0,373.0,199.0,70.0,106.0,155.0,231.0,110.0,219.0,0.0,53.0,7.0,154.0,85.0,0.0,33.0,52.0,0.0,0.0,0.0,0.0,0.0,0.0,0.0,0.0,0.0,389,0.0,0.0
2017,35,145,478.0,503,333,60,79,230,264,247,172,196,3.0,866,47,204,150,3.0,55,6.0,3.0,45,40.0,131,45,242,137,0.0,95,0.0,54,153,7.0,72,23.0,18.0,174.0,298.0,183.0,75.0,107.0,105.0,166.0,83.0,173.0,1.0,44.0,6.0,147.0,73.0,0.0,35.0,37.0,0.0,0.0,0.0,0.0,0.0,0.0,0.0,0.0,0.0,333,0.0,0.0
2017,36,189,494.0,514,363,62,90,241,313,259,201,245,5.0,881,65,193,214,4.0,69,8.0,8.0,57,35.0,117,71,237,161,0.0,135,0.0,66,193,5.0,84,27.0,15.0,164.0,302.0,185.0,50.0,107.0,104.0,213.0,153.0,196.0,1.0,46.0,7.0,172.0,65.0,0.0,35.0,50.0,0.0,0.0,0.0,0.0,0.0,0.0,0.0,0.0,0.0,363,0.0,0.0
2017,37,248,572.0,582,424,70,102,254,385,262,209,236,3.0,1048,63,265,202,9.0,70,13.0,8.0,53,43.0,128,76,274,167,0.0,168,0.0,60,182,8.0,83,30.0,15.0,209.0,384.0,238.0,64.0,125.0,148.0,258.0,174.0,210.0,3.0,47.0,7.0,186.0,63.0,0.0,31.0,60.0,0.0,0.0,0.0,0.0,0.0,0.0,0.0,0.0,0.0,424,0.0,0.0
2017,38,233,517.0,661,429,75,104,252,402,248,228,228,2.0,1012,68,237,242,4.0,60,17.0,11.0,74,36.0,148,79,297,150,0.0,167,0.0,70,200,4.0,76,33.0,19.0,203.0,343.0,200.0,78.0,99.0,135.0,229.0,137.0,189.0,3.0,56.0,3.0,164.0,56.0,0.0,26.0,57.0,0.0,0.0,0.0,0.0,0.0,0.0,0.0,0.0,0.0,429,0.0,0.0
2017,39,217,451.0,534,386,68,78,199,332,218,202,211,5.0,979,77,190,247,3.0,68,15.0,4.0,48,42.0,89,53,209,140,0.0,168,0.0,58,160,9.0,75,27.0,9.0,161.0,297.0,188.0,59.0,117.0,124.0,190.0,137.0,143.0,3.0,50.0,3.0,180.0,42.0,0.0,35.0,56.0,0.0,0.0,0.0,0.0,0.0,0.0,0.0,0.0,0.0,386,0.0,0.0
2017,40,224,563.0,650,433,88,99,235,352,253,229,196,4.0,1082,62,231,254,3.0,75,12.0,8.0,46,36.0,122,71,258,167,0.0,165,0.0,66,171,8.0,84,23.0,18.0,171.0,360.0,197.0,69.0,133.0,140.0,228.0,141.0,197.0,0.0,68.0,5.0,151.0,61.0,5.0,28.0,72.0,212.0,126.0,65.0,0.0,0.0,0.0,0.0,0.0,0.0,433,0.0,0.0
2017,41,213,479.0,575,386,60,111,193,366,208,183,204,0.0,1043,47,205,220,6.0,56,20.0,10.0,49,41.0,117,76,235,141,0.0,110,0.0,70,139,7.0,88,25.0,16.0,160.0,290.0,194.0,66.0,137.0,132.0,185.0,134.0,166.0,4.0,59.0,4.0,177.0,61.0,1.0,28.0,41.0,229.0,122.0,73.0,0.0,0.0,0.0,0.0,0.0,0.0,386,0.0,0.0
2017,42,230,493.0,592,392,72,89,196,374,221,214,216,3.0,1038,52,206,264,3.0,51,15.0,6.0,48,34.0,123,68,278,148,0.0,188,0.0,46,140,7.0,76,27.0,12.0,210.0,343.0,227.0,57.0,136.0,161.0,203.0,142.0,143.0,4.0,59.0,4.0,192.0,65.0,0.0,29.0,55.0,222.0,158.0,79.0,0.0,0.0,0.0,0.0,0.0,0.0,392,0.0,0.0
2017,43,189,392.0,510,336,73,61,163,290,183,155,170,2.0,887,51,171,174,0.0,57,13.0,5.0,33,36.0,112,52,203,100,0.0,112,0.0,59,126,3.0,72,22.0,9.0,162.0,283.0,207.0,49.0,96.0,128.0,144.0,130.0,134.0,4.0,37.0,5.0,144.0,53.0,0.0,18.0,44.0,179.0,135.0,73.0,0.0,0.0,0.0,0.0,0.0,0.0,336,0.0,0.0
2017,44,208,421.0,531,376,53,69,174,298,210,173,176,4.0,935,35,173,186,4.0,49,10.0,8.0,29,27.0,108,38,215,120,0.0,107,0.0,45,122,2.0,67,16.0,12.0,174.0,248.0,175.0,41.0,117.0,102.0,141.0,114.0,151.0,0.0,43.0,1.0,161.0,55.0,0.0,23.0,56.0,210.0,141.0,65.0,0.0,0.0,0.0,0.0,0.0,0.0,376,0.0,0.0
2017,45,130,299.0,447,275,39,50,139,241,149,126,145,0.0,704,22,117,159,3.0,27,7.0,4.0,17,26.0,65,40,172,91,0.0,72,0.0,36,70,1.0,56,10.0,12.0,133.0,198.0,162.0,27.0,101.0,80.0,144.0,99.0,109.0,0.0,36.0,1.0,134.0,47.0,0.0,22.0,53.0,184.0,125.0,53.0,0.0,0.0,0.0,0.0,0.0,0.0,275,0.0,0.0
2017,46,113,333.0,440,273,31,60,122,244,131,118,135,1.0,728,34,137,141,0.0,28,9.0,1.0,38,22.0,75,38,130,111,0.0,98,0.0,36,70,2.0,62,13.0,6.0,128.0,182.0,143.0,35.0,82.0,103.0,114.0,84.0,97.0,0.0,37.0,0.0,117.0,43.0,0.0,16.0,56.0,172.0,108.0,40.0,0.0,0.0,0.0,0.0,0.0,0.0,273,0.0,0.0
2017,47,107,233.0,307,238,29,58,122,210,93,75,123,1.0,512,17,78,114,1.0,27,4.0,2.0,21,13.0,48,35,128,74,0.0,77,0.0,43,60,4.0,38,4.0,8.0,88.0,162.0,127.0,38.0,75.0,64.0,84.0,72.0,82.0,0.0,28.0,0.0,78.0,38.0,0.0,7.0,43.0,121.0,74.0,38.0,0.0,0.0,0.0,0.0,0.0,0.0,238,0.0,0.0
2017,48,146,360.0,470,330,54,72,128,247,147,120,140,5.0,786,36,133,161,2.0,39,8.0,6.0,28,26.0,87,40,154,104,0.0,94,0.0,36,91,3.0,54,11.0,7.0,129.0,213.0,175.0,35.0,116.0,90.0,126.0,114.0,126.0,1.0,36.0,1.0,155.0,52.0,0.0,25.0,46.0,153.0,98.0,54.0,0.0,0.0,0.0,0.0,0.0,0.0,330,0.0,0.0
2017,49,125,283.0,373,260,37,30,98,199,102,88,106,1.0,645,16,100,123,1.0,22,4.0,3.0,16,17.0,64,26,111,88,0.0,55,0.0,37,49,0.0,46,10.0,12.0,119.0,180.0,130.0,24.0,73.0,70.0,89.0,75.0,78.0,4.0,31.0,0.0,105.0,40.0,0.0,16.0,37.0,131.0,76.0,35.0,0.0,0.0,0.0,0.0,0.0,0.0,260,0.0,0.0
2017,50,98,219.0,264,204,25,42,73,168,84,72,107,1.0,539,18,60,88,0.0,17,4.0,3.0,21,12.0,59,26,110,56,0.0,66,0.0,20,59,3.0,34,10.0,7.0,106.0,146.0,82.0,16.0,77.0,59.0,73.0,76.0,63.0,0.0,24.0,1.0,78.0,39.0,0.0,7.0,36.0,103.0,60.0,36.0,0.0,0.0,0.0,0.0,0.0,0.0,204,0.0,0.0
2017,51,100,248.0,316,226,30,49,92,195,113,76,120,1.0,579,18,68,127,2.0,21,2.0,2.0,20,18.0,54,35,98,58,0.0,53,0.0,25,52,3.0,40,6.0,11.0,83.0,158.0,108.0,23.0,74.0,56.0,81.0,68.0,79.0,0.0,31.0,0.0,83.0,42.0,0.0,13.0,36.0,119.0,59.0,35.0,0.0,0.0,0.0,0.0,0.0,0.0,226,0.0,0.0
2017,52,49,95.0,99,112,11,38,48,55,63,46,51,0.0,239,10,29,35,3.0,3,0.0,0.0,12,7.0,27,16,80,43,0.0,37,0.0,22,22,1.0,21,3.0,6.0,57.0,88.0,59.0,5.0,43.0,53.0,42.0,31.0,39.0,1.0,18.0,1.0,47.0,35.0,0.0,2.0,15.0,41.0,24.0,20.0,0.0,0.0,0.0,0.0,0.0,0.0,112,0.0,0.0
2018,1,44,92.0,112,83,4,30,30,53,53,34,39,0.0,192,7,36,37,0.0,9,0.0,0.0,11,5.0,31,9,59,38,0.0,29,0.0,17,15,2.0,18,2.0,2.0,44.0,69.0,46.0,4.0,47.0,29.0,35.0,30.0,40.0,0.0,20.0,0.0,35.0,24.0,0.0,4.0,16.0,51.0,20.0,29.0,7.0,1.0,8.0,2.0,6.0,1.0,83,0.0,0.0
2018,2,67,161.0,196,192,25,36,67,110,83,43,65,0.0,365,12,53,67,0.0,14,1.0,0.0,7,11.0,56,17,71,72,0.0,44,0.0,17,35,0.0,23,3.0,4.0,75.0,99.0,69.0,4.0,62.0,49.0,51.0,46.0,56.0,0.0,19.0,0.0,64.0,33.0,0.0,3.0,24.0,57.0,39.0,33.0,0.0,0.0,0.0,0.0,0.0,0.0,192,0.0,0.0
2018,3,86,171.0,190,212,20,51,73,131,105,55,72,2.0,433,9,64,92,1.0,14,1.0,1.0,13,4.0,57,26,96,69,0.0,67,0.0,22,74,0.0,24,4.0,11.0,84.0,126.0,89.0,10.0,77.0,57.0,75.0,61.0,62.0,1.0,14.0,0.0,72.0,38.0,0.0,10.0,35.0,65.0,42.0,31.0,0.0,0.0,0.0,0.0,0.0,0.0,212,0.0,0.0
2018,4,94,244.0,258,214,21,60,89,183,112,74,115,1.0,524,13,88,102,2.0,14,7.0,4.0,13,14.0,58,17,121,90,0.0,50,0.0,25,60,4.0,28,12.0,17.0,90.0,150.0,81.0,6.0,75.0,50.0,83.0,65.0,78.0,1.0,20.0,0.0,89.0,37.0,1.0,8.0,31.0,80.0,58.0,41.0,0.0,0.0,0.0,0.0,0.0,0.0,214,0.0,0.0
2018,5,102,192.0,228,212,18,37,86,185,96,68,81,1.0,453,12,56,91,0.0,19,4.0,5.0,7,6.0,44,10,90,77,0.0,48,0.0,19,38,2.0,20,8.0,12.0,90.0,142.0,102.0,4.0,92.0,70.0,76.0,54.0,79.0,1.0,15.0,2.0,105.0,43.0,0.0,5.0,33.0,73.0,48.0,24.0,0.0,0.0,0.0,0.0,0.0,0.0,212,0.0,0.0
2018,6,66,205.0,221,196,19,36,60,157,77,58,67,0.0,464,7,60,79,1.0,19,5.0,0.0,9,4.0,57,15,89,78,0.0,37,0.0,14,32,0.0,24,7.0,10.0,102.0,132.0,62.0,4.0,74.0,64.0,70.0,39.0,59.0,3.0,13.0,1.0,84.0,43.0,0.0,1.0,26.0,80.0,44.0,27.0,0.0,0.0,0.0,0.0,0.0,0.0,196,0.0,0.0
2018,7,105,254.0,223,236,23,42,82,181,115,90,119,2.0,564,11,74,119,1.0,25,3.0,0.0,21,9.0,67,28,109,81,0.0,58,0.0,22,36,1.0,40,12.0,14.0,107.0,157.0,102.0,9.0,84.0,81.0,83.0,80.0,73.0,1.0,21.0,1.0,101.0,49.0,0.0,8.0,34.0,86.0,56.0,39.0,0.0,0.0,0.0,0.0,0.0,0.0,236,0.0,0.0
2018,8,108,227.0,257,215,30,48,78,144,123,79,101,1.0,483,17,69,100,2.0,29,1.0,1.0,17,12.0,64,27,121,70,0.0,77,0.0,38,48,4.0,41,13.0,14.0,92.0,160.0,98.0,16.0,72.0,64.0,86.0,74.0,74.0,1.0,21.0,2.0,100.0,39.0,0.0,8.0,33.0,103.0,59.0,48.0,0.0,0.0,0.0,0.0,0.0,0.0,215,0.0,0.0
2018,9,131,242.0,250,269,32,58,115,188,123,103,103,2.0,561,21,78,128,2.0,34,6.0,6.0,23,13.0,63,24,123,98,0.0,63,0.0,25,57,2.0,46,10.0,12.0,101.0,157.0,111.0,17.0,97.0,87.0,98.0,72.0,82.0,1.0,28.0,4.0,116.0,36.0,1.0,11.0,42.0,115.0,74.0,59.0,0.0,0.0,0.0,0.0,0.0,0.0,269,0.0,0.0
2018,10,72,160.0,209,161,30,45,86,153,117,81,87,1.0,399,12,55,92,0.0,18,0.0,6.0,12,10.0,54,34,114,60,0.0,42,0.0,14,44,2.0,42,8.0,9.0,80.0,145.0,89.0,7.0,75.0,55.0,73.0,74.0,71.0,2.0,23.0,0.0,108.0,36.0,0.0,7.0,35.0,86.0,55.0,51.0,0.0,0.0,0.0,0.0,0.0,0.0,161,0.0,0.0
2018,11,95,260.0,241,248,38,63,90,184,101,79,95,1.0,584,22,67,87,0.0,22,7.0,3.0,19,18.0,76,44,123,75,0.0,46,0.0,28,34,3.0,55,7.0,11.0,123.0,159.0,101.0,21.0,94.0,79.0,98.0,85.0,88.0,1.0,36.0,0.0,104.0,42.0,0.0,7.0,39.0,99.0,78.0,62.0,0.0,0.0,0.0,0.0,0.0,0.0,248,0.0,0.0
2018,12,94,181.0,213,172,21,49,108,157,106,80,91,3.0,444,18,74,92,1.0,20,1.0,4.0,14,7.0,44,24,116,85,0.0,59,0.0,15,59,3.0,37,3.0,11.0,91.0,128.0,96.0,4.0,76.0,56.0,88.0,65.0,68.0,0.0,26.0,0.0,102.0,30.0,0.0,4.0,28.0,94.0,44.0,33.0,0.0,0.0,0.0,0.0,0.0,0.0,172,0.0,0.0
2018,13,127,255.0,303,261,47,66,142,219,149,97,148,2.0,645,29,75,131,1.0,43,6.0,6.0,15,12.0,86,38,156,99,0.0,88,0.0,31,99,2.0,66,19.0,13.0,107.0,200.0,111.0,17.0,103.0,95.0,119.0,98.0,96.0,0.0,25.0,6.0,143.0,46.0,0.0,10.0,51.0,146.0,71.0,56.0,0.0,0.0,0.0,0.0,0.0,0.0,261,0.0,0.0
2018,14,93,243.0,261,221,50,57,125,180,130,78,121,3.0,530,17,85,107,2.0,22,3.0,1.0,14,6.0,72,48,134,96,0.0,49,0.0,34,68,3.0,53,10.0,4.0,92.0,163.0,98.0,12.0,83.0,82.0,89.0,80.0,72.0,2.0,21.0,0.0,98.0,43.0,0.0,15.0,36.0,119.0,56.0,50.0,0.0,0.0,0.0,0.0,0.0,0.0,221,0.0,0.0
2018,15,165,327.0,382,313,49,78,161,282,168,145,172,6.0,726,30,123,160,1.0,44,4.0,4.0,25,23.0,82,40,198,106,0.0,111,0.0,58,164,4.0,70,13.0,16.0,158.0,215.0,138.0,22.0,114.0,104.0,147.0,147.0,99.0,0.0,51.0,2.0,138.0,54.0,0.0,15.0,52.0,161.0,121.0,82.0,0.0,6.0,12.0,0.0,0.0,0.0,313,0.0,0.0
2018,16,133,308.0,319,310,45,64,149,279,171,123,206,9.0,737,33,102,148,0.0,40,0.0,6.0,31,21.0,90,49,147,100,0.0,109,0.0,51,144,10.0,71,23.0,16.0,129.0,170.0,134.0,26.0,96.0,105.0,138.0,111.0,101.0,6.0,41.0,1.0,124.0,48.0,0.0,13.0,50.0,193.0,104.0,81.0,0.0,17.0,44.0,13.0,23.0,0.0,310,0.0,0.0
2018,17,168,341.0,380,339,60,84,135,311,196,143,169,0.0,748,39,127,143,0.0,42,0.0,0.0,32,11.0,92,69,159,116,0.0,116,0.0,56,140,0.0,78,1.0,20.0,149.0,219.0,147.0,27.0,91.0,122.0,150.0,92.0,126.0,4.0,49.0,0.0,130.0,40.0,1.0,28.0,65.0,184.0,122.0,75.0,8.0,19.0,32.0,29.0,77.0,0.0,339,0.0,0.0
2018,18,227,371.0,456,388,44,105,201,314,247,160,236,0.0,839,58,178,170,0.0,69,0.0,0.0,49,25.0,129,75,209,121,0.0,146,0.0,71,185,0.0,98,0.0,27.0,169.0,244.0,186.0,56.0,130.0,132.0,191.0,135.0,153.0,0.0,69.0,0.0,154.0,48.0,7.0,36.0,67.0,247.0,150.0,109.0,40.0,24.0,58.0,46.0,95.0,0.0,388,0.0,0.0
2018,19,217,390.0,430,415,59,89,218,346,206,192,214,0.0,823,35,187,172,0.0,65,0.0,0.0,45,29.0,127,72,196,100,0.0,100,0.0,54,135,0.0,94,0.0,21.0,215.0,236.0,174.0,45.0,112.0,126.0,189.0,139.0,179.0,0.0,69.0,0.0,155.0,56.0,6.0,33.0,73.0,250.0,180.0,115.0,56.0,28.0,44.0,67.0,119.0,0.0,415,0.0,0.0
2018,20,182,306.0,397,369,47,81,160,305,162,148,189,0.0,661,52,129,179,0.0,46,0.0,0.0,45,21.0,116,56,178,102,0.0,82,0.0,48,155,0.0,90,0.0,22.0,135.0,232.0,148.0,23.0,114.0,93.0,172.0,117.0,157.0,0.0,64.0,0.0,186.0,60.0,3.0,28.0,54.0,200.0,142.0,108.0,44.0,23.0,67.0,67.0,74.0,0.0,369,0.0,0.0
2018,21,222,431.0,435,418,63,103,231,374,224,172,274,0.0,845,63,155,183,0.0,69,0.0,0.0,41,27.0,139,81,234,98,0.0,123,0.0,42,204,0.0,108,0.0,25.0,191.0,253.0,180.0,51.0,131.0,114.0,250.0,133.0,173.0,0.0,63.0,0.0,180.0,52.0,2.0,38.0,67.0,277.0,162.0,115.0,50.0,38.0,75.0,80.0,89.0,0.0,418,0.0,0.0
2018,22,226,433.0,494,440,44,92,250,344,213,166,267,0.0,864,63,156,216,0.0,70,0.0,0.0,56,37.0,137,86,222,119,0.0,139,0.0,63,223,0.0,89,0.0,23.0,175.0,256.0,217.0,49.0,105.0,116.0,271.0,158.0,182.0,0.0,65.0,0.0,180.0,63.0,5.0,53.0,61.0,298.0,185.0,109.0,54.0,26.0,75.0,71.0,82.0,0.0,440,0.0,0.0
2018,23,244,441.0,485,462,76,114,251,424,271,198,296,0.0,1018,68,165,255,0.0,87,0.0,0.0,71,42.0,135,76,271,140,0.0,160,0.0,59,172,0.0,124,0.0,21.0,180.0,284.0,196.0,55.0,141.0,147.0,277.0,158.0,216.0,0.0,86.0,0.0,187.0,69.0,2.0,57.0,76.0,360.0,229.0,135.0,53.0,41.0,69.0,80.0,151.0,0.0,462,0.0,0.0
2018,24,259,447.0,611,507,47,124,269,468,251,198,318,0.0,1053,67,189,310,0.0,102,0.0,0.0,63,50.0,132,91,243,131,0.0,141,0.0,48,212,0.0,119,0.0,14.0,205.0,283.0,196.0,57.0,127.0,143.0,343.0,176.0,201.0,0.0,85.0,0.0,257.0,63.0,3.0,53.0,86.0,362.0,219.0,153.0,68.0,45.0,94.0,84.0,156.0,0.0,507,0.0,0.0
2018,25,258,528.0,593,490,64,125,300,416,269,181,284,0.0,1037,53,171,258,0.0,72,0.0,0.0,64,28.0,138,113,244,126,0.0,126,0.0,70,210,0.0,117,0.0,27.0,193.0,264.0,206.0,51.0,153.0,171.0,307.0,166.0,210.0,0.0,74.0,0.0,214.0,61.0,0.0,45.0,87.0,358.0,148.0,150.0,48.0,36.0,88.0,88.0,114.0,0.0,490,0.0,0.0
2018,26,256,535.0,549,488,52,101,281,471,262,188,326,0.0,966,55,209,305,0.0,68,0.0,0.0,44,30.0,127,91,247,131,0.0,161,0.0,71,197,0.0,123,0.0,24.0,182.0,268.0,174.0,66.0,128.0,137.0,288.0,178.0,197.0,0.0,85.0,0.0,209.0,61.0,0.0,42.0,83.0,377.0,187.0,148.0,68.0,43.0,78.0,83.0,111.0,0.0,488,0.0,0.0
2018,27,208,309.0,485,450,48,103,285,429,220,163,296,0.0,871,56,164,289,0.0,65,0.0,0.0,48,30.0,128,74,242,103,0.0,143,0.0,65,220,0.0,102,0.0,21.0,166.0,256.0,211.0,59.0,119.0,121.0,312.0,142.0,206.0,0.0,55.0,0.0,204.0,38.0,0.0,36.0,101.0,279.0,207.0,127.0,99.0,34.0,63.0,81.0,141.0,0.0,450,0.0,0.0
2018,28,261,576.0,582,494,59,108,290,514,262,195,347,0.0,1127,64,189,284,0.0,77,0.0,0.0,61,36.0,163,114,263,142,0.0,151,0.0,62,232,0.0,118,0.0,28.0,222.0,323.0,217.0,70.0,138.0,159.0,354.0,196.0,207.0,0.0,86.0,0.0,257.0,57.0,0.0,54.0,105.0,392.0,215.0,169.0,72.0,54.0,99.0,77.0,126.0,3.0,494,0.0,0.0
2018,29,241,570.0,559,454,63,93,274,444,258,204,286,0.0,1026,84,144,256,0.0,84,0.0,0.0,70,40.0,131,99,263,155,0.0,115,0.0,63,247,0.0,104,0.0,34.0,211.0,297.0,224.0,66.0,140.0,171.0,334.0,157.0,192.0,0.0,81.0,0.0,222.0,51.0,0.0,67.0,101.0,345.0,214.0,169.0,96.0,42.0,101.0,77.0,113.0,17.0,454,0.0,0.0
2018,30,214,478.0,500,456,74,108,256,415,240,158,318,0.0,928,67,141,254,0.0,78,0.0,0.0,48,49.0,155,99,209,116,0.0,140,0.0,79,237,0.0,94,0.0,29.0,197.0,257.0,205.0,42.0,117.0,152.0,231.0,166.0,193.0,0.0,92.0,0.0,175.0,51.0,0.0,60.0,81.0,328.0,163.0,153.0,81.0,31.0,83.0,75.0,138.0,21.0,456,0.0,0.0
2018,31,239,611.0,623,507,69,110,291,464,279,161,327,0.0,1112,62,171,255,0.0,61,0.0,0.0,63,43.0,161,83,246,136,0.0,134,0.0,91,219,0.0,116,0.0,26.0,217.0,306.0,249.0,51.0,148.0,135.0,341.0,190.0,201.0,0.0,68.0,0.0,226.0,66.0,0.0,52.0,107.0,362.0,195.0,145.0,93.0,43.0,74.0,85.0,158.0,27.0,507,0.0,0.0
2018,32,256,557.0,600,527,79,118,305,479,269,188,310,0.0,1058,54,185,260,0.0,66,0.0,0.0,57,32.0,148,98,218,143,0.0,127,0.0,80,213,0.0,120,0.0,29.0,238.0,264.0,216.0,50.0,133.0,177.0,325.0,194.0,213.0,0.0,79.0,0.0,246.0,77.0,0.0,32.0,101.0,396.0,239.0,174.0,88.0,35.0,82.0,90.0,138.0,34.0,527,0.0,0.0
2018,33,236,528.0,556,430,88,111,267,411,232,211,336,0.0,1062,61,178,224,0.0,59,0.0,0.0,51,31.0,143,75,203,124,0.0,106,0.0,53,166,0.0,106,0.0,13.0,220.0,242.0,213.0,65.0,148.0,160.0,299.0,168.0,229.0,0.0,81.0,0.0,222.0,60.0,0.0,39.0,83.0,330.0,217.0,180.0,94.0,39.0,77.0,84.0,127.0,7.0,430,0.0,0.0
2018,34,273,633.0,626,465,75,131,300,471,259,202,326,0.0,1109,71,190,271,0.0,98,0.0,0.0,56,22.0,142,95,239,127,0.0,140,0.0,50,251,0.0,120,0.0,26.0,204.0,292.0,238.0,73.0,124.0,131.0,352.0,181.0,200.0,0.0,75.0,0.0,243.0,77.0,1.0,46.0,87.0,412.0,242.0,188.0,100.0,35.0,84.0,72.0,156.0,5.0,465,0.0,0.0
2018,35,191,571.0,554,476,67,118,263,473,227,133,242,0.0,1000,48,161,243,0.0,76,0.0,0.0,54,32.0,139,101,234,121,0.0,110,0.0,70,171,0.0,118,0.0,20.0,192.0,288.0,190.0,79.0,121.0,149.0,352.0,175.0,210.0,0.0,82.0,0.0,187.0,81.0,0.0,42.0,85.0,371.0,240.0,186.0,89.0,37.0,97.0,75.0,162.0,10.0,476,0.0,0.0
2018,36,163,428.0,545,364,79,109,270,343,262,199,215,0.0,941,58,154,197,0.0,71,0.0,0.0,66,38.0,141,99,214,137,0.0,112,0.0,72,162,0.0,107,0.0,31.0,178.0,251.0,197.0,70.0,116.0,132.0,276.0,173.0,51.0,0.0,60.0,0.0,201.0,70.0,1.0,25.0,99.0,324.0,233.0,160.0,84.0,39.0,73.0,64.0,144.0,17.0,364,0.0,0.0
2018,37,226,531.0,527,451,73,100,253,344,225,197,290,0.0,1017,64,174,191,0.0,70,0.0,0.0,62,27.0,151,73,229,125,0.0,116,0.0,72,192,0.0,126,0.0,34.0,205.0,252.0,214.0,52.0,115.0,142.0,326.0,159.0,207.0,0.0,59.0,0.0,214.0,76.0,1.0,33.0,78.0,301.0,204.0,172.0,106.0,41.0,94.0,85.0,146.0,19.0,451,0.0,0.0
2018,38,227,534.0,580,457,82,110,238,400,281,232,298,0.0,1170,79,210,229,0.0,92,0.0,0.0,58,42.0,153,84,240,148,0.0,137,0.0,76,215,0.0,148,0.0,32.0,202.0,269.0,191.0,75.0,147.0,164.0,340.0,176.0,193.0,0.0,65.0,0.0,188.0,73.0,0.0,33.0,109.0,406.0,258.0,172.0,108.0,31.0,87.0,91.0,178.0,18.0,457,0.0,0.0
2018,39,244,530.0,489,471,61,82,238,365,231,169,269,0.0,1093,66,171,245,0.0,54,0.0,0.0,72,23.0,113,84,206,154,0.0,123,0.0,69,194,0.0,101,0.0,26.0,205.0,205.0,169.0,41.0,157.0,124.0,288.0,181.0,202.0,0.0,58.0,0.0,174.0,74.0,0.0,29.0,97.0,339.0,220.0,162.0,81.0,30.0,81.0,68.0,182.0,25.0,471,0.0,0.0
2018,40,245,573.0,599,374,64,90,270,391,230,243,286,0.0,1146,70,178,226,0.0,82,0.0,0.0,56,38.0,131,80,271,155,0.0,139,0.0,77,231,0.0,162,0.0,30.0,228.0,267.0,215.0,60.0,172.0,163.0,316.0,209.0,217.0,0.0,80.0,0.0,212.0,81.0,0.0,55.0,94.0,411.0,262.0,190.0,104.0,43.0,60.0,80.0,178.0,24.0,374,0.0,0.0
2018,41,232,490.0,532,431,64,85,225,214,212,210,254,0.0,1063,52,162,203,0.0,52,0.0,0.0,68,35.0,133,90,238,167,0.0,108,0.0,74,203,0.0,138,0.0,33.0,229.0,267.0,181.0,62.0,140.0,122.0,296.0,195.0,193.0,0.0,54.0,0.0,198.0,80.0,0.0,35.0,81.0,331.0,265.0,183.0,93.0,41.0,74.0,89.0,154.0,15.0,431,0.0,0.0
2018,42,177,487.0,498,397,50,95,206,296,217,203,210,0.0,1101,43,138,159,0.0,43,0.0,0.0,55,32.0,139,59,221,144,0.0,111,0.0,75,149,0.0,100,0.0,29.0,213.0,227.0,185.0,46.0,174.0,134.0,248.0,184.0,165.0,0.0,65.0,0.0,214.0,85.0,0.0,25.0,97.0,305.0,195.0,157.0,90.0,34.0,74.0,66.0,128.0,22.0,397,0.0,0.0
2018,43,196,441.0,421,422,57,49,155,285,189,160,162,0.0,964,44,149,152,0.0,43,0.0,0.0,47,27.0,113,56,171,151,0.0,97,0.0,74,143,0.0,105,0.0,25.0,162.0,190.0,161.0,39.0,139.0,101.0,206.0,161.0,127.0,0.0,67.0,0.0,172.0,66.0,2.0,17.0,75.0,268.0,145.0,161.0,77.0,22.0,68.0,59.0,96.0,16.0,422,0.0,0.0
2018,44,195,457.0,494,388,40,47,182,332,203,167,196,0.0,983,45,143,176,0.0,58,0.0,0.0,48,26.0,113,66,189,139,0.0,98,0.0,63,141,0.0,120,0.0,20.0,159.0,193.0,180.0,48.0,136.0,124.0,194.0,164.0,129.0,0.0,61.0,0.0,173.0,83.0,0.0,25.0,73.0,285.0,161.0,153.0,94.0,30.0,52.0,75.0,120.0,25.0,388,0.0,0.0
2018,45,154,290.0,395,339,35,64,145,254,157,138,127,0.0,877,36,92,128,0.0,40,0.0,0.0,34,18.0,84,53,162,101,0.0,78,0.0,57,120,0.0,82,0.0,24.0,167.0,141.0,144.0,21.0,120.0,127.0,191.0,107.0,126.0,0.0,43.0,0.0,176.0,65.0,1.0,29.0,52.0,211.0,125.0,127.0,77.0,20.0,51.0,51.0,73.0,11.0,339,0.0,0.0
2018,46,118,283.0,306,284,22,55,109,208,133,127,117,0.0,673,19,76,95,0.0,35,0.0,0.0,31,14.0,76,30,128,85,0.0,67,0.0,33,86,0.0,78,0.0,17.0,111.0,119.0,136.0,29.0,102.0,97.0,149.0,98.0,93.0,0.0,43.0,0.0,116.0,52.0,2.0,17.0,39.0,178.0,94.0,116.0,56.0,19.0,57.0,39.0,73.0,13.0,284,0.0,0.0
2018,47,118,228.0,218,263,21,54,99,186,117,114,106,0.0,514,21,72,99,0.0,27,0.0,0.0,23,7.0,66,32,111,57,0.0,63,0.0,20,58,0.0,73,0.0,19.0,123.0,132.0,128.0,18.0,84.0,63.0,143.0,99.0,92.0,0.0,34.0,0.0,112.0,50.0,10.0,17.0,41.0,155.0,85.0,91.0,49.0,16.0,42.0,50.0,75.0,5.0,263,0.0,0.0
2018,48,122,254.0,375,322,26,59,123,223,153,124,121,0.0,727,15,74,115,0.0,44,0.0,0.0,26,7.0,86,43,138,92,0.0,73,0.0,54,89,0.0,78,0.0,14.0,152.0,128.0,126.0,28.0,144.0,111.0,157.0,110.0,131.0,0.0,48.0,0.0,159.0,61.0,0.0,22.0,45.0,201.0,108.0,119.0,54.0,31.0,53.0,39.0,93.0,13.0,322,0.0,0.0
2018,49,140,270.0,345,340,25,69,100,247,123,151,130,0.0,731,23,85,130,0.0,37,0.0,0.0,36,9.0,98,46,137,96,0.0,90,0.0,39,99,0.0,82,0.0,16.0,123.0,162.0,128.0,34.0,126.0,114.0,172.0,96.0,125.0,0.0,56.0,0.0,166.0,56.0,0.0,21.0,51.0,214.0,109.0,131.0,65.0,8.0,42.0,53.0,41.0,17.0,340,0.0,0.0
2018,50,138,260.0,366,328,29,70,118,194,139,118,105,0.0,745,18,84,99,0.0,33,0.0,0.0,25,13.0,84,34,137,100,0.0,82,0.0,36,88,0.0,87,0.0,11.0,156.0,127.0,131.0,36.0,133.0,108.0,140.0,86.0,100.0,0.0,37.0,0.0,155.0,61.0,0.0,23.0,59.0,199.0,121.0,132.0,66.0,27.0,46.0,34.0,95.0,16.0,328,0.0,0.0
2018,51,104,200.0,268,285,24,44,95,175,121,115,97,0.0,600,20,76,72,0.0,32,0.0,0.0,25,14.0,88,28,88,71,0.0,71,0.0,31,74,0.0,77,0.0,11.0,129.0,89.0,104.0,23.0,108.0,88.0,119.0,70.0,89.0,0.0,31.0,0.0,142.0,49.0,2.0,18.0,42.0,146.0,73.0,89.0,56.0,21.0,34.0,31.0,65.0,12.0,285,0.0,0.0
2018,52,70,136.0,131,178,18,49,64,131,93,68,82,0.0,335,12,54,43,0.0,14,0.0,0.0,25,8.0,32,21,78,62,0.0,44,0.0,27,51,0.0,66,0.0,17.0,67.0,79.0,69.0,13.0,40.0,60.0,63.0,57.0,74.0,0.0,22.0,0.0,62.0,44.0,2.0,10.0,34.0,95.0,61.0,50.0,56.0,9.0,40.0,16.0,55.0,3.0,178,0.0,0.0
2019,1,124,155.0,244,302,36,48,122,187,120,115,110,0.0,596,24,81,79,0.0,27,0.0,0.0,24,11.0,82,32,93,76,0.0,83,0.0,36,90,0.0,72,0.0,12.0,102.0,113.0,146.0,27.0,100.0,88.0,137.0,103.0,112.0,0.0,27.0,0.0,134.0,60.0,2.0,20.0,43.0,172.0,98.0,96.0,60.0,23.0,66.0,37.0,76.0,16.0,302,9.0,31.0
2019,2,118,196.0,258,253,34,51,102,195,157,101,114,0.0,652,16,100,93,0.0,24,0.0,0.0,28,9.0,83,36,105,76,0.0,67,0.0,26,76,0.0,74,0.0,10.0,113.0,119.0,124.0,28.0,96.0,104.0,143.0,98.0,114.0,0.0,33.0,0.0,113.0,62.0,3.0,26.0,44.0,189.0,87.0,103.0,56.0,29.0,36.0,37.0,56.0,8.0,253,0.0,0.0
2019,3,121,194.0,252,258,30,54,88,198,134,117,109,0.0,660,18,83,93,0.0,33,0.0,0.0,29,17.0,70,36,117,93,0.0,69,0.0,28,60,0.0,71,0.0,12.0,104.0,64.0,121.0,26.0,122.0,84.0,121.0,89.0,107.0,0.0,32.0,0.0,122.0,56.0,1.0,9.0,47.0,182.0,78.0,109.0,56.0,27.0,39.0,36.0,67.0,9.0,258,0.0,0.0
2019,4,103,176.0,174,219,27,49,82,188,119,96,99,0.0,534,13,50,61,0.0,20,0.0,0.0,21,7.0,55,38,68,55,0.0,61,0.0,26,47,0.0,77,0.0,5.0,83.0,77.0,115.0,18.0,88.0,75.0,107.0,72.0,80.0,0.0,26.0,0.0,81.0,53.0,0.0,5.0,30.0,156.0,68.0,83.0,51.0,25.0,35.0,32.0,63.0,4.0,219,0.0,0.0
2019,5,103,130.0,205,226,21,36,71,158,98,103,73,0.0,489,10,56,84,0.0,19,0.0,0.0,16,10.0,60,26,81,65,0.0,54,0.0,25,54,0.0,52,0.0,8.0,89.0,89.0,123.0,22.0,78.0,80.0,95.0,63.0,91.0,0.0,21.0,0.0,97.0,39.0,0.0,10.0,44.0,144.0,38.0,76.0,50.0,19.0,27.0,37.0,62.0,2.0,226,0.0,0.0
2019,6,122,230.0,283,300,31,63,109,214,146,125,103,0.0,698,22,90,117,0.0,36,0.0,0.0,33,15.0,80,39,129,86,0.0,77,0.0,43,96,0.0,74,0.0,4.0,128.0,108.0,140.0,28.0,120.0,105.0,124.0,84.0,134.0,0.0,42.0,0.0,133.0,47.0,3.0,13.0,46.0,196.0,104.0,124.0,80.0,26.0,41.0,52.0,74.0,9.0,300,0.0,0.0
2019,7,123,189.0,215,280,27,45,82,165,128,129,79,0.0,629,20,72,98,0.0,26,0.0,0.0,26,13.0,67,32,104,73,0.0,61,0.0,34,78,0.0,67,0.0,8.0,126.0,116.0,122.0,24.0,103.0,90.0,119.0,90.0,96.0,0.0,40.0,0.0,106.0,70.0,0.0,17.0,40.0,154.0,70.0,97.0,55.0,30.0,32.0,41.0,64.0,6.0,280,0.0,0.0
2019,8,111,182.0,221,254,21,48,98,183,118,132,81,0.0,518,13,61,84,0.0,15,0.0,0.0,29,5.0,51,35,94,72,0.0,56,0.0,29,54,0.0,63,0.0,7.0,100.0,109.0,98.0,17.0,86.0,84.0,135.0,70.0,99.0,0.0,29.0,0.0,99.0,55.0,1.0,12.0,43.0,158.0,72.0,86.0,58.0,23.0,35.0,37.0,64.0,2.0,254,0.0,0.0
2019,9,132,171.0,223,243,28,48,72,193,100,107,119,0.0,610,18,57,85,0.0,24,0.0,0.0,30,16.0,57,27,119,70,0.0,62,0.0,32,48,0.0,59,0.0,6.0,113.0,84.0,90.0,16.0,80.0,73.0,108.0,86.0,88.0,0.0,25.0,0.0,112.0,52.0,3.0,11.0,46.0,154.0,83.0,89.0,56.0,23.0,47.0,37.0,68.0,4.0,243,0.0,0.0
2019,10,136,178.0,239,238,29,43,84,153,100,121,86,0.0,619,14,71,81,0.0,18,0.0,0.0,28,8.0,57,28,133,61,0.0,73,0.0,32,64,0.0,60,0.0,8.0,124.0,104.0,94.0,17.0,108.0,83.0,128.0,93.0,88.0,0.0,23.0,0.0,140.0,32.0,5.0,9.0,37.0,159.0,64.0,93.0,58.0,25.0,33.0,33.0,60.0,5.0,238,0.0,0.0
2019,11,172,294.0,268,323,39,59,137,288,162,163,135,0.0,810,15,98,119,0.0,28,0.0,0.0,39,15.0,84,40,149,94,0.0,108,0.0,37,121,0.0,82,0.0,6.0,176.0,132.0,161.0,33.0,119.0,119.0,184.0,104.0,124.0,0.0,40.0,0.0,162.0,68.0,2.0,16.0,61.0,241.0,119.0,139.0,88.0,44.0,36.0,39.0,85.0,9.0,323,0.0,0.0
2019,12,166,228.0,274,288,34,54,131,204,136,128,114,0.0,697,24,74,104,0.0,33,0.0,0.0,35,9.0,72,44,130,80,0.0,84,0.0,29,114,0.0,80,0.0,8.0,121.0,110.0,136.0,25.0,99.0,93.0,131.0,114.0,115.0,0.0,27.0,0.0,136.0,67.0,1.0,28.0,56.0,185.0,101.0,108.0,71.0,31.0,48.0,46.0,67.0,5.0,288,0.0,0.0
2019,13,201,296.0,333,293,56,57,134,238,186,151,127,0.0,832,31,107,136,0.0,40,0.0,0.0,61,15.0,87,50,145,99,0.0,104,0.0,45,161,0.0,100,0.0,11.0,155.0,135.0,136.0,42.0,129.0,127.0,201.0,134.0,121.0,0.0,45.0,0.0,154.0,76.0,4.0,29.0,59.0,257.0,109.0,155.0,85.0,28.0,47.0,52.0,98.0,11.0,293,0.0,0.0
2019,14,215,305.0,362,322,68,70,142,288,217,141,221,0.0,795,31,112,144,0.0,45,0.0,0.0,63,16.0,105,71,149,101,0.0,125,0.0,47,191,0.0,126,0.0,13.0,190.0,156.0,166.0,52.0,136.0,131.0,202.0,154.0,142.0,0.0,59.0,0.0,177.0,71.0,1.0,35.0,59.0,288.0,174.0,161.0,87.0,37.0,59.0,48.0,106.0,22.0,322,0.0,0.0
2019,15,228,393.0,419,371,54,72,148,346,223,191,221,0.0,915,47,127,168,0.0,70,0.0,0.0,74,25.0,102,74,187,126,0.0,145,0.0,54,214,0.0,114,0.0,18.0,194.0,190.0,170.0,55.0,165.0,141.0,257.0,164.0,152.0,0.0,62.0,0.0,200.0,78.0,3.0,29.0,64.0,341.0,216.0,178.0,90.0,59.0,49.0,66.0,123.0,12.0,371,0.0,0.0
2019,16,177,349.0,419,363,50,86,159,328,185,154,203,0.0,859,39,110,156,0.0,57,0.0,0.0,71,20.0,98,66,169,127,0.0,106,0.0,57,181,0.0,97,0.0,9.0,160.0,182.0,170.0,50.0,136.0,103.0,190.0,161.0,149.0,0.0,52.0,0.0,164.0,80.0,0.0,33.0,71.0,313.0,204.0,160.0,76.0,26.0,57.0,62.0,100.0,11.0,363,0.0,0.0
2019,17,191,384.0,409,340,42,99,164,356,203,166,213,0.0,832,47,107,151,0.0,52,0.0,0.0,53,25.0,96,62,184,144,0.0,136,0.0,81,191,0.0,92,0.0,16.0,154.0,186.0,181.0,42.0,125.0,126.0,215.0,151.0,137.0,0.0,66.0,0.0,197.0,75.0,0.0,34.0,79.0,317.0,212.0,180.0,86.0,42.0,71.0,77.0,110.0,17.0,340,0.0,0.0
2019,18,201,367.0,489,361,38,64,157,389,181,170,206,0.0,932,41,131,144,0.0,46,0.0,0.0,50,29.0,117,62,167,128,0.0,110,0.0,48,119,0.0,94,0.0,15.0,207.0,180.0,167.0,56.0,116.0,129.0,222.0,138.0,155.0,0.0,45.0,0.0,181.0,67.0,0.0,14.0,80.0,314.0,199.0,168.0,97.0,44.0,62.0,64.0,117.0,14.0,361,0.0,0.0
2019,19,217,466.0,512,373,62,76,166,406,208,168,226,0.0,1036,53,138,179,0.0,61,0.0,0.0,55,15.0,121,57,159,135,0.0,163,0.0,46,152,0.0,108,0.0,20.0,182.0,254.0,171.0,39.0,161.0,126.0,247.0,147.0,159.0,0.0,55.0,0.0,197.0,78.0,2.0,41.0,76.0,314.0,232.0,210.0,86.0,43.0,67.0,73.0,124.0,10.0,373,0.0,0.0
2019,20,184,416.0,538,403,70,97,176,336,198,168,221,0.0,879,65,142,162,0.0,68,0.0,0.0,53,27.0,93,69,186,111,0.0,138,0.0,57,246,0.0,111,0.0,19.0,177.0,253.0,155.0,54.0,155.0,130.0,331.0,167.0,129.0,0.0,39.0,0.0,178.0,87.0,1.0,43.0,59.0,348.0,184.0,171.0,85.0,48.0,88.0,62.0,135.0,24.0,403,0.0,0.0
2019,21,249,5.0,483,420,65,99,194,362,214,198,246,0.0,990,63,165,314,0.0,74,0.0,0.0,58,36.0,105,73,220,124,0.0,134,0.0,85,222,0.0,129,0.0,27.0,181.0,240.0,182.0,61.0,144.0,140.0,291.0,149.0,175.0,0.0,48.0,0.0,172.0,84.0,0.0,33.0,83.0,381.0,194.0,210.0,80.0,46.0,74.0,73.0,157.0,30.0,420,0.0,0.0
2019,22,241,0.0,502,315,60,98,222,352,194,135,312,0.0,780,64,125,263,0.0,60,0.0,0.0,46,25.0,85,76,184,99,0.0,161,0.0,86,263,0.0,102,0.0,19.0,183.0,246.0,202.0,57.0,157.0,124.0,343.0,148.0,169.0,0.0,55.0,0.0,136.0,68.0,2.0,38.0,91.0,381.0,195.0,123.0,90.0,49.0,75.0,71.0,165.0,19.0,315,9.0,0.0
2019,23,240,0.0,621,406,63,105,242,478,313,215,331,0.0,1182,74,162,353,0.0,65,0.0,0.0,44,31.0,92,71,226,125,0.0,168,0.0,95,284,0.0,123,0.0,24.0,210.0,324.0,182.0,77.0,185.0,149.0,368.0,176.0,222.0,0.0,67.0,0.0,188.0,116.0,0.0,46.0,88.0,436.0,272.0,200.0,103.0,40.0,67.0,72.0,190.0,29.0,406,23.0,0.0
2019,24,248,0.0,546,403,58,97,210,379,221,172,239,0.0,973,48,127,300,0.0,46,0.0,0.0,46,36.0,104,79,215,107,0.0,149,0.0,82,207,0.0,109,0.0,19.0,163.0,204.0,203.0,56.0,165.0,134.0,301.0,155.0,195.0,0.0,50.0,0.0,196.0,93.0,0.0,30.0,67.0,410.0,216.0,195.0,94.0,40.0,77.0,56.0,145.0,19.0,403,17.0,0.0
2019,25,246,0.0,510,445,61,99,227,414,254,184,255,0.0,919,35,122,299,0.0,67,0.0,0.0,61,31.0,93,73,174,135,0.0,142,0.0,88,229,0.0,97,0.0,21.0,147.0,201.0,166.0,68.0,147.0,122.0,317.0,157.0,190.0,0.0,57.0,0.0,174.0,84.0,0.0,39.0,70.0,402.0,211.0,212.0,93.0,34.0,82.0,73.0,142.0,43.0,445,15.0,0.0
2019,26,272,0.0,596,415,65,110,253,401,274,218,321,0.0,1250,57,117,396,0.0,64,0.0,0.0,76,41.0,97,84,211,120,0.0,178,0.0,98,229,0.0,126,0.0,30.0,222.0,268.0,216.0,68.0,229.0,159.0,372.0,181.0,232.0,0.0,68.0,0.0,192.0,86.0,1.0,67.0,67.0,433.0,278.0,204.0,95.0,43.0,71.0,93.0,171.0,25.0,415,40.0,0.0
2019,27,258,0.0,529,420,52,103,278,346,257,160,292,0.0,920,56,143,293,0.0,75,0.0,0.0,65,31.0,98,78,249,149,0.0,189,0.0,102,240,0.0,82,0.0,43.0,227.0,291.0,199.0,80.0,182.0,155.0,357.0,159.0,185.0,0.0,66.0,0.0,202.0,69.0,3.0,64.0,70.0,427.0,260.0,156.0,106.0,43.0,67.0,65.0,180.0,16.0,420,49.0,0.0
2019,28,247,0.0,653,435,52,115,236,403,273,236,293,0.0,1077,63,132,280,0.0,89,0.0,0.0,75,31.0,106,91,204,164,0.0,167,0.0,81,263,0.0,104,0.0,29.0,213.0,276.0,224.0,109.0,225.0,159.0,409.0,171.0,222.0,0.0,68.0,0.0,273.0,76.0,3.0,64.0,74.0,438.0,255.0,178.0,110.0,50.0,82.0,93.0,149.0,21.0,435,34.0,158.0
2019,29,234,0.0,533,478,65,97,239,370,275,209,257,0.0,1101,47,150,233,0.0,61,0.0,0.0,59,34.0,92,53,187,175,0.0,159,0.0,90,199,0.0,100,0.0,20.0,213.0,260.0,198.0,80.0,190.0,161.0,342.0,167.0,211.0,0.0,51.0,0.0,260.0,71.0,0.0,52.0,72.0,469.0,223.0,177.0,84.0,46.0,97.0,85.0,152.0,38.0,478,28.0,325.0
2019,30,247,0.0,635,458,51,109,239,452,280,198,269,0.0,1122,58,122,260,0.0,82,0.0,0.0,57,40.0,103,86,198,193,0.0,185,0.0,96,217,0.0,92,0.0,25.0,247.0,263.0,219.0,83.0,190.0,173.0,388.0,182.0,201.0,0.0,43.0,0.0,266.0,72.0,1.0,57.0,90.0,477.0,274.0,168.0,115.0,57.0,94.0,57.0,134.0,43.0,458,40.0,410.0
2019,31,272,0.0,691,507,41,99,331,474,292,211,347,0.0,1231,58,181,244,0.0,73,0.0,0.0,67,53.0,108,82,211,180,0.0,196,0.0,113,256,0.0,84,0.0,51.0,204.0,271.0,219.0,90.0,193.0,184.0,415.0,186.0,222.0,0.0,68.0,0.0,225.0,93.0,0.0,41.0,90.0,508.0,280.0,197.0,106.0,60.0,104.0,73.0,177.0,41.0,507,55.0,456.0
2019,32,233,0.0,696,417,54,106,329,466,257,217,379,0.0,1162,47,216,220,0.0,81,0.0,0.0,71,40.0,102,65,211,182,0.0,211,0.0,98,228,0.0,107,0.0,29.0,238.0,314.0,227.0,89.0,207.0,164.0,441.0,203.0,259.0,0.0,55.0,0.0,228.0,91.0,0.0,56.0,88.0,515.0,281.0,176.0,80.0,54.0,81.0,91.0,149.0,43.0,417,65.0,458.0
2019,33,255,0.0,667,414,50,113,301,465,283,241,314,0.0,1344,58,188,225,0.0,64,0.0,0.0,75,40.0,118,69,205,194,0.0,192,0.0,96,197,0.0,112,0.0,26.0,218.0,298.0,235.0,114.0,223.0,163.0,434.0,177.0,238.0,0.0,52.0,0.0,249.0,85.0,1.0,70.0,82.0,534.0,306.0,168.0,104.0,62.0,88.0,63.0,154.0,20.0,414,56.0,528.0
2019,34,227,0.0,632,355,38,88,275,492,331,208,359,0.0,1245,74,201,240,0.0,73,0.0,0.0,78,55.0,132,60,235,178,0.0,200,0.0,86,260,0.0,103,0.0,32.0,208.0,265.0,232.0,77.0,209.0,184.0,447.0,183.0,211.0,0.0,52.0,0.0,236.0,88.0,0.0,54.0,90.0,539.0,317.0,169.0,97.0,66.0,91.0,78.0,179.0,23.0,355,62.0,471.0
2019,35,252,0.0,665,419,56,104,270,499,285,213,386,0.0,1165,63,171,190,0.0,84,0.0,0.0,57,51.0,127,64,219,191,0.0,229,0.0,76,230,0.0,137,0.0,27.0,256.0,261.0,200.0,79.0,174.0,138.0,417.0,179.0,221.0,0.0,60.0,0.0,206.0,105.0,0.0,79.0,95.0,508.0,305.0,182.0,113.0,81.0,82.0,61.0,162.0,20.0,419,90.0,523.0
2019,36,256,0.0,641,441,58,94,273,496,254,169,347,0.0,1052,63,178,207,0.0,77,0.0,0.0,60,52.0,110,60,207,182,0.0,189,0.0,81,214,0.0,131,0.0,46.0,229.0,241.0,232.0,82.0,169.0,128.0,374.0,177.0,252.0,0.0,46.0,0.0,231.0,88.0,0.0,59.0,85.0,470.0,284.0,163.0,114.0,67.0,76.0,74.0,180.0,24.0,441,80.0,468.0
2019,37,287,0.0,754,455,51,90,281,562,316,212,344,0.0,1254,67,200,250,0.0,89,0.0,0.0,75,28.0,107,55,249,216,0.0,194,0.0,102,246,0.0,112,0.0,35.0,243.0,291.0,278.0,83.0,242.0,170.0,419.0,223.0,277.0,0.0,57.0,0.0,226.0,88.0,0.0,58.0,115.0,529.0,357.0,171.0,131.0,74.0,92.0,74.0,165.0,27.0,455,87.0,506.0
2019,38,305,0.0,765,536,84,110,314,529,363,232,347,0.0,1285,65,186,250,0.0,95,0.0,0.0,96,0.0,128,59,296,242,0.0,194,0.0,94,294,0.0,126,0.0,38.0,242.0,289.0,283.0,89.0,238.0,166.0,421.0,223.0,260.0,0.0,58.0,0.0,250.0,92.0,0.0,70.0,107.0,610.0,349.0,158.0,121.0,64.0,97.0,83.0,202.0,37.0,536,124.0,574.0
2019,39,289,0.0,791,487,53,105,335,551,373,216,348,0.0,1407,59,168,253,0.0,81,0.0,0.0,86,0.0,135,90,260,240,0.0,246,0.0,87,287,0.0,129,0.0,24.0,265.0,303.0,264.0,124.0,255.0,184.0,421.0,208.0,246.0,0.0,56.0,0.0,296.0,78.0,0.0,75.0,116.0,542.0,336.0,153.0,122.0,58.0,103.0,91.0,179.0,33.0,487,92.0,532.0
2019,40,266,0.0,686,422,52,87,234,430,250,204,275,0.0,1205,56,158,208,0.0,69,0.0,0.0,65,0.0,104,51,191,199,0.0,171,0.0,68,200,0.0,111,0.0,24.0,231.0,258.0,224.0,99.0,191.0,168.0,423.0,199.0,228.0,0.0,36.0,0.0,242.0,81.0,0.0,53.0,96.0,484.0,313.0,154.0,111.0,50.0,69.0,74.0,166.0,19.0,422,66.0,393.0
2019,41,259,0.0,691,455,57,99,270,428,235,219,283,0.0,1119,66,157,201,0.0,76,0.0,0.0,71,0.0,113,53,214,212,0.0,154,0.0,60,176,0.0,104,0.0,26.0,214.0,231.0,240.0,95.0,206.0,179.0,418.0,188.0,213.0,0.0,47.0,0.0,253.0,88.0,0.0,47.0,94.0,467.0,261.0,169.0,119.0,56.0,106.0,81.0,160.0,23.0,455,69.0,377.0
2019,42,197,0.0,571,426,50,75,252,358,212,205,206,0.0,912,47,104,179,0.0,57,0.0,0.0,50,22.0,91,54,179,205,0.0,134,0.0,56,142,0.0,87,0.0,19.0,196.0,232.0,197.0,78.0,189.0,160.0,344.0,177.0,187.0,0.0,38.0,0.0,248.0,65.0,0.0,50.0,94.0,430.0,230.0,172.0,96.0,46.0,82.0,74.0,151.0,19.0,426,64.0,320.0
2019,43,188,0.0,600,478,61,90,287,364,228,203,225,0.0,1047,56,142,160,0.0,58,0.0,0.0,55,28.0,117,57,167,229,0.0,143,0.0,61,155,0.0,100,0.0,20.0,203.0,245.0,234.0,79.0,186.0,152.0,359.0,162.0,196.0,0.0,40.0,0.0,238.0,69.0,0.0,44.0,77.0,410.0,265.0,190.0,123.0,51.0,86.0,77.0,141.0,26.0,478,78.0,354.0
2019,44,185,0.0,538,460,70,92,258,368,197,142,217,0.0,958,37,117,168,0.0,54,0.0,0.0,51,27.0,94,57,182,210,0.0,141,0.0,49,142,0.0,105,0.0,20.0,194.0,174.0,180.0,64.0,192.0,150.0,350.0,145.0,180.0,0.0,32.0,0.0,201.0,69.0,0.0,33.0,77.0,402.0,208.0,187.0,87.0,50.0,81.0,89.0,129.0,22.0,460,62.0,387.0
2019,45,191,0.0,557,417,47,85,227,363,155,147,181,0.0,949,42,137,130,0.0,36,0.0,0.0,35,25.0,101,34,144,186,0.0,125,0.0,50,144,0.0,91,0.0,22.0,169.0,200.0,182.0,69.0,202.0,117.0,282.0,135.0,157.0,0.0,47.0,0.0,223.0,75.0,0.0,22.0,81.0,431.0,90.0,170.0,69.0,49.0,69.0,75.0,65.0,27.0,417,52.0,366.0
2019,46,170,0.0,445,401,40,63,187,292,160,126,156,0.0,875,42,102,119,0.0,27,0.0,0.0,34,24.0,86,38,147,166,0.0,93,0.0,38,126,0.0,66,0.0,25.0,148.0,165.0,165.0,50.0,187.0,105.0,244.0,102.0,151.0,0.0,36.0,0.0,214.0,62.0,0.0,27.0,61.0,358.0,122.0,134.0,74.0,52.0,66.0,65.0,93.0,19.0,401,38.0,324.0
2019,47,148,0.0,482,393,42,57,184,265,159,142,150,0.0,796,35,90,138,0.0,43,0.0,0.0,30,31.0,75,30,126,165,0.0,117,0.0,36,121,0.0,88,0.0,22.0,166.0,151.0,166.0,59.0,176.0,118.0,250.0,113.0,149.0,0.0,33.0,0.0,226.0,76.0,0.0,21.0,50.0,321.0,135.0,164.0,58.0,41.0,59.0,65.0,131.0,22.0,393,28.0,165.0
2019,48,124,0.0,339,280,23,41,165,204,134,107,133,0.0,643,31,79,98,0.0,32,0.0,0.0,30,28.0,74,25,134,111,0.0,93,0.0,39,88,0.0,72,0.0,11.0,127.0,130.0,126.0,37.0,144.0,112.0,216.0,89.0,131.0,0.0,26.0,0.0,148.0,62.0,0.0,25.0,44.0,234.0,116.0,104.0,56.0,38.0,44.0,52.0,79.0,17.0,280,37.0,209.0
2019,49,125,0.0,297,338,34,52,129,224,137,122,144,0.0,621,24,59,94,0.0,28,0.0,0.0,21,12.0,63,25,114,147,0.0,84,0.0,28,82,0.0,65,0.0,10.0,157.0,130.0,140.0,37.0,147.0,103.0,180.0,113.0,120.0,0.0,20.0,0.0,178.0,66.0,0.0,20.0,51.0,240.0,110.0,99.0,56.0,34.0,66.0,50.0,75.0,17.0,338,19.0,201.0
2019,50,118,0.0,247,276,31,43,111,187,103,121,97,0.0,544,21,66,84,0.0,27,0.0,0.0,21,15.0,48,22,98,91,0.0,62,0.0,34,70,0.0,46,0.0,13.0,128.0,104.0,99.0,45.0,116.0,94.0,149.0,97.0,114.0,0.0,22.0,0.0,160.0,56.0,0.0,16.0,48.0,190.0,84.0,59.0,46.0,35.0,41.0,42.0,76.0,14.0,276,22.0,183.0
2019,51,116,0.0,227,247,24,37,117,179,91,93,109,0.0,541,15,67,61,0.0,13,0.0,0.0,18,12.0,58,15,77,108,0.0,53,0.0,22,66,0.0,41,0.0,10.0,101.0,93.0,94.0,27.0,122.0,93.0,166.0,108.0,96.0,0.0,15.0,0.0,153.0,67.0,0.0,18.0,28.0,169.0,84.0,89.0,41.0,28.0,49.0,46.0,70.0,15.0,247,18.0,162.0
2019,52,96,0.0,179,256,27,45,126,204,115,85,151,0.0,401,19,45,60,0.0,11,0.0,0.0,29,13.0,36,25,82,97,0.0,60,0.0,27,74,0.0,55,0.0,10.0,65.0,83.0,92.0,13.0,71.0,68.0,141.0,63.0,83.0,0.0,13.0,0.0,105.0,56.0,0.0,13.0,30.0,150.0,101.0,47.0,39.0,22.0,50.0,58.0,55.0,11.0,256,35.0,146.0
2020,1,74,0.0,154,174,21,25,95,134,81,57,91,0.0,350,14,44,45,0.0,22,0.0,0.0,19,9.0,31,21,67,63,0.0,47,0.0,20,67,0.0,32,0.0,9.0,74.0,47.0,72.0,24.0,62.0,64.0,107.0,74.0,62.0,0.0,17.0,0.0,82.0,37.0,0.0,15.0,18.0,138.0,80.0,37.0,36.0,22.0,39.0,24.0,48.0,9.0,174,22.0,125.0
2020,2,206,0.0,365,357,47,75,179,290,195,152,184,0.0,802,36,105,131,0.0,49,0.0,0.0,36,22.0,66,34,157,112,0.0,119,0.0,52,147,0.0,52,0.0,10.0,154.0,156.0,181.0,53.0,156.0,133.0,272.0,155.0,145.0,0.0,20.0,0.0,186.0,80.0,0.0,30.0,49.0,297.0,181.0,103.0,81.0,28.0,58.0,85.0,86.0,19.0,357,46.0,274.0
2020,3,169,0.0,273,311,21,42,138,204,148,116,112,0.0,683,23,97,103,0.0,26,0.0,0.0,32,15.0,55,35,100,117,0.0,79,0.0,36,90,0.0,55,0.0,11.0,137.0,116.0,129.0,46.0,155.0,110.0,191.0,141.0,124.0,0.0,19.0,0.0,179.0,73.0,0.0,23.0,48.0,235.0,108.0,80.0,49.0,26.0,41.0,49.0,96.0,13.0,311,27.0,251.0
2020,4,157,0.0,290,327,25,56,109,185,155,112,151,0.0,623,24,79,101,0.0,21,0.0,0.0,25,25.0,40,30,113,122,0.0,83,0.0,23,83,0.0,56,0.0,13.0,109.0,116.0,125.0,45.0,123.0,107.0,175.0,134.0,118.0,0.0,15.0,0.0,169.0,63.0,0.0,18.0,47.0,223.0,106.0,75.0,60.0,26.0,55.0,58.0,69.0,18.0,327,30.0,262.0
2020,5,166,0.0,309,380,39,61,141,225,163,103,142,0.0,723,27,90,125,0.0,29,0.0,0.0,19,29.0,56,42,121,152,0.0,96,0.0,35,111,0.0,52,0.0,18.0,130.0,129.0,149.0,52.0,132.0,127.0,198.0,145.0,147.0,0.0,22.0,0.0,189.0,74.0,0.0,9.0,42.0,251.0,127.0,109.0,46.0,0.0,72.0,68.0,84.0,22.0,380,34.0,271.0
2020,6,150,0.0,290,396,46,70,110,233,159,137,145,0.0,698,17,62,117,0.0,17,0.0,0.0,20,33.0,58,37,106,150,0.0,89,0.0,45,114,0.0,36,0.0,10.0,118.0,125.0,134.0,47.0,140.0,107.0,189.0,111.0,131.0,0.0,21.0,0.0,162.0,58.0,0.0,2.0,49.0,252.0,139.0,113.0,65.0,12.0,75.0,77.0,74.0,32.0,396,35.0,238.0
2020,7,164,0.0,287,333,38,46,115,229,130,127,141,0.0,508,29,55,101,0.0,28,0.0,0.0,13,23.0,59,28,106,119,0.0,60,0.0,19,79,0.0,49,0.0,10.0,111.0,106.0,112.0,42.0,114.0,101.0,150.0,120.0,83.0,0.0,18.0,0.0,146.0,59.0,0.0,18.0,41.0,222.0,109.0,91.0,52.0,48.0,63.0,65.0,89.0,18.0,333,37.0,182.0
2020,8,184,0.0,316,335,39,61,129,257,192,124,200,0.0,596,32,101,123,0.0,29,0.0,0.0,42,23.0,56,44,97,124,0.0,88,0.0,33,143,0.0,60,0.0,15.0,129.0,135.0,149.0,57.0,126.0,129.0,209.0,147.0,132.0,0.0,19.0,0.0,160.0,77.0,0.0,15.0,55.0,288.0,117.0,85.0,53.0,36.0,51.0,64.0,81.0,24.0,335,32.0,261.0
2020,9,173,0.0,271,294,25,60,113,233,144,122,160,0.0,492,16,75,92,0.0,19,0.0,0.0,31,30.0,48,23,108,116,0.0,62,0.0,34,111,0.0,58,0.0,16.0,141.0,115.0,112.0,42.0,140.0,109.0,186.0,133.0,127.0,0.0,15.0,0.0,171.0,81.0,0.0,11.0,47.0,268.0,115.0,74.0,63.0,31.0,45.0,59.0,55.0,24.0,294,35.0,226.0
2020,10,176,0.0,286,216,23,59,117,261,165,131,155,0.0,518,28,68,123,0.0,25,0.0,0.0,20,17.0,39,32,88,67,0.0,90,0.0,39,149,0.0,52,0.0,18.0,105.0,132.0,146.0,57.0,89.0,98.0,201.0,155.0,112.0,0.0,27.0,0.0,146.0,52.0,0.0,25.0,46.0,294.0,112.0,67.0,77.0,18.0,31.0,26.0,68.0,12.0,216,35.0,238.0
2020,11,184,0.0,339,351,46,77,161,240,174,114,184,0.0,518,35,89,132,0.0,30,0.0,0.0,31,36.0,53,60,135,140,0.0,119,0.0,41,243,0.0,60,0.0,15.0,119.0,143.0,167.0,53.0,124.0,125.0,220.0,118.0,136.0,0.0,19.0,0.0,161.0,72.0,0.0,23.0,43.0,316.0,138.0,104.0,59.0,43.0,63.0,86.0,94.0,16.0,351,55.0,242.0
2020,12,88,0.0,165,171,16,44,92,110,65,40,150,0.0,168,14,39,78,0.0,22,0.0,0.0,24,11.0,22,45,82,79,0.0,91,0.0,51,164,0.0,33,0.0,17.0,52.0,81.0,75.0,14.0,37.0,58.0,163.0,57.0,88.0,0.0,16.0,0.0,50.0,39.0,0.0,5.0,28.0,136.0,65.0,34.0,49.0,28.0,56.0,53.0,41.0,21.0,171,19.0,79.0
2020,13,38,0.0,73,103,13,37,38,48,39,19,107,0.0,65,17,17,43,0.0,15,0.0,0.0,8,8.0,10,24,42,59,0.0,60,0.0,34,94,0.0,26,0.0,25.0,21.0,59.0,35.0,13.0,26.0,24.0,115.0,18.0,38.0,0.0,7.0,0.0,31.0,21.0,0.0,10.0,18.0,69.0,38.0,16.0,43.0,13.0,34.0,29.0,24.0,11.0,103,20.0,44.0
2020,14,38,0.0,80,101,15,47,59,60,40,23,133,0.0,76,10,35,61,0.0,10,0.0,0.0,6,8.0,26,29,55,52,0.0,72,0.0,34,135,0.0,37,0.0,19.0,29.0,67.0,29.0,8.0,23.0,33.0,95.0,27.0,45.0,0.0,5.0,0.0,37.0,26.0,0.0,4.0,25.0,85.0,53.0,22.0,47.0,29.0,40.0,44.0,21.0,10.0,101,39.0,47.0
2020,15,58,0.0,97,143,24,36,58,64,38,27,168,0.0,80,20,34,69,0.0,20,0.0,0.0,5,20.0,22,39,59,53,0.0,84,0.0,35,130,0.0,36,0.0,16.0,27.0,74.0,35.0,6.0,30.0,36.0,126.0,31.0,68.0,0.0,4.0,0.0,35.0,18.0,0.0,4.0,15.0,98.0,60.0,20.0,48.0,19.0,30.0,62.0,35.0,15.0,143,36.0,58.0
2020,16,50,0.0,67,136,18,33,54,53,48,21,173,0.0,67,5,15,72,0.0,19,0.0,0.0,7,17.0,20,30,43,41,0.0,36,0.0,7,47,0.0,45,0.0,10.0,14.0,65.0,23.0,9.0,34.0,18.0,80.0,22.0,39.0,0.0,5.0,0.0,26.0,17.0,0.0,12.0,18.0,92.0,60.0,22.0,44.0,15.0,32.0,56.0,17.0,13.0,136,28.0,61.0
2020,17,52,0.0,74,114,28,40,55,61,51,34,149,0.0,78,10,32,57,0.0,18,0.0,0.0,12,17.0,17,30,35,56,0.0,50,0.0,13,28,0.0,34,0.0,21.0,29.0,82.0,20.0,8.0,39.0,29.0,90.0,19.0,56.0,0.0,7.0,0.0,26.0,30.0,0.0,12.0,24.0,73.0,56.0,8.0,30.0,21.0,22.0,57.0,27.0,18.0,114,33.0,57.0
2020,18,115,0.0,174,131,24,46,104,132,113,58,257,0.0,170,22,49,125,0.0,53,0.0,0.0,14,16.0,13,33,113,49,0.0,187,0.0,65,294,0.0,37,0.0,20.0,54.0,131.0,47.0,29.0,53.0,48.0,194.0,67.0,88.0,0.0,5.0,0.0,43.0,46.0,0.0,38.0,45.0,181.0,83.0,28.0,55.0,22.0,36.0,46.0,68.0,17.0,131,99.0,105.0
2020,19,99,0.0,122,99,23,46,87,94,62,25,213,0.0,134,14,33,86,0.0,38,0.0,0.0,16,15.0,12,35,90,58,0.0,124,0.0,55,261,0.0,28,0.0,19.0,38.0,81.0,53.0,14.0,48.0,41.0,137.0,42.0,92.0,0.0,8.0,0.0,50.0,40.0,0.0,28.0,43.0,108.0,79.0,15.0,52.0,24.0,28.0,46.0,52.0,20.0,99,54.0,121.0
2020,20,166,0.0,208,122,22,58,170,117,137,91,387,0.0,225,27,47,162,0.0,60,0.0,0.0,14,22.0,19,41,178,60,0.0,216,0.0,57,605,0.0,50,0.0,38.0,62.0,182.0,73.0,42.0,62.0,94.0,232.0,75.0,119.0,0.0,5.0,0.0,69.0,43.0,0.0,61.0,64.0,179.0,178.0,26.0,94.0,20.0,27.0,54.0,107.0,40.0,122,102.0,233.0
2020,21,206,0.0,212,126,24,70,134,118,132,88,382,0.0,233,51,66,138,0.0,83,0.0,0.0,12,36.0,42,80,113,73,0.0,217,0.0,96,451,0.0,59,0.0,36.0,74.0,161.0,104.0,97.0,65.0,48.0,202.0,84.0,112.0,0.0,22.0,0.0,61.0,48.0,0.0,47.0,66.0,166.0,154.0,48.0,60.0,34.0,56.0,54.0,96.0,22.0,126,76.0,160.0
2020,22,258,0.0,331,185,24,113,187,269,181,69,566,0.0,345,58,95,220,0.0,113,0.0,0.0,31,53.0,49,75,141,87,0.0,353,0.0,218,792,0.0,78,0.0,40.0,81.0,243.0,120.0,84.0,61.0,82.0,306.0,137.0,174.0,0.0,33.0,0.0,85.0,85.0,0.0,71.0,80.0,343.0,220.0,41.0,75.0,34.0,78.0,91.0,120.0,25.0,185,139.0,322.0
2020,23,205,0.0,411,155,33,101,152,259,178,87,539,0.0,312,64,55,225,0.0,110,0.0,0.0,47,47.0,30,78,134,117,0.0,305,0.0,170,620,0.0,80,0.0,43.0,108.0,228.0,133.0,64.0,79.0,74.0,291.0,117.0,170.0,0.0,24.0,0.0,92.0,72.0,0.0,65.0,76.0,278.0,207.0,37.0,87.0,50.0,71.0,64.0,129.0,54.0,155,135.0,289.0
2020,24,272,0.0,390,233,32,120,214,240,183,110,617,0.0,389,43,125,247,0.0,148,0.0,0.0,53,46.0,65,108,274,127,0.0,166,0.0,244,732,0.0,109,0.0,67.0,123.0,214.0,156.0,85.0,75.0,74.0,370.0,128.0,206.0,0.0,33.0,0.0,101.0,95.0,0.0,76.0,87.0,334.0,217.0,36.0,106.0,43.0,56.0,71.0,134.0,59.0,233,185.0,439.0
2020,25,235,0.0,383,253,36,142,238,294,249,108,671,0.0,504,63,91,261,0.0,127,0.0,0.0,58,42.0,61,132,189,119,0.0,334,0.0,208,676,0.0,86,0.0,80.0,100.0,247.0,145.0,106.0,65.0,98.0,339.0,122.0,168.0,0.0,43.0,0.0,78.0,82.0,0.0,51.0,96.0,409.0,214.0,57.0,106.0,68.0,55.0,77.0,173.0,49.0,253,128.0,438.0
2020,26,287,0.0,405,308,61,151,248,275,236,104,607,0.0,476,84,127,332,0.0,101,0.0,0.0,56,50.0,25,113,160,125,0.0,336,0.0,203,484,0.0,95,0.0,78.0,116.0,247.0,152.0,70.0,78.0,79.0,374.0,126.0,197.0,0.0,57.0,0.0,102.0,97.0,0.0,50.0,94.0,359.0,242.0,53.0,82.0,63.0,79.0,72.0,166.0,42.0,308,154.0,326.0
2020,27,242,0.0,377,264,31,117,217,343,209,113,642,0.0,455,71,108,242,0.0,102,0.0,0.0,34,43.0,49,92,210,121,0.0,299,0.0,209,541,0.0,75,0.0,68.0,117.0,260.0,134.0,118.0,58.0,85.0,368.0,120.0,159.0,0.0,53.0,0.0,99.0,85.0,0.0,90.0,101.0,360.0,187.0,48.0,105.0,37.0,58.0,89.0,110.0,58.0,264,145.0,363.0
2020,28,224,0.0,370,346,33,128,218,266,204,103,548,0.0,426,27,123,188,0.0,73,0.0,0.0,47,33.0,47,74,204,130,0.0,275,0.0,195,506,0.0,75,0.0,57.0,115.0,198.0,133.0,102.0,61.0,109.0,326.0,112.0,156.0,0.0,41.0,0.0,85.0,89.0,0.0,46.0,86.0,279.0,217.0,66.0,85.0,40.0,79.0,64.0,74.0,46.0,346,121.0,344.0
2020,29,275,0.0,448,319,42,145,257,336,248,145,641,0.0,602,68,120,297,0.0,70,0.0,0.0,51,48.0,95,100,203,127,0.0,385,0.0,226,453,0.0,85,0.0,62.0,135.0,269.0,157.0,149.0,101.0,118.0,391.0,139.0,209.0,0.0,25.0,0.0,119.0,92.0,0.0,81.0,74.0,383.0,247.0,63.0,88.0,49.0,80.0,104.0,142.0,70.0,319,123.0,387.0
2020,30,248,0.0,384,311,25,120,233,312,194,94,605,0.0,494,35,136,226,0.0,85,0.0,0.0,44,39.0,81,85,146,143,0.0,303,0.0,182,559,0.0,101,0.0,51.0,131.0,220.0,139.0,116.0,85.0,110.0,350.0,123.0,199.0,0.0,37.0,0.0,97.0,89.0,1.0,65.0,81.0,318.0,240.0,60.0,96.0,43.0,57.0,92.0,113.0,30.0,311,105.0,269.0
2020,31,268,0.0,417,372,21,128,259,373,250,122,632,0.0,553,43,110,291,0.0,106,0.0,0.0,42,40.0,50,53,158,142,0.0,328,0.0,215,636,0.0,99,0.0,54.0,149.0,326.0,147.0,80.0,97.0,135.0,458.0,136.0,222.0,0.0,22.0,0.0,111.0,109.0,0.0,52.0,111.0,318.0,239.0,55.0,101.0,61.0,88.0,101.0,134.0,45.0,372,163.0,356.0
2020,32,256,0.0,424,358,53,159,277,333,203,122,630,0.0,525,43,106,225,0.0,106,0.0,0.0,38,48.0,70,88,220,114,0.0,324,0.0,151,520,0.0,98,0.0,37.0,140.0,277.0,145.0,110.0,101.0,116.0,365.0,138.0,201.0,0.0,49.0,0.0,115.0,94.0,0.0,83.0,82.0,351.0,271.0,65.0,122.0,56.0,77.0,117.0,81.0,45.0,358,134.0,391.0
2020,33,242,0.0,353,400,47,172,278,336,221,129,660,0.0,610,68,112,255,0.0,99,0.0,0.0,50,53.0,73,103,217,149,0.0,372,0.0,198,513,0.0,119,0.0,65.0,133.0,313.0,157.0,95.0,110.0,123.0,440.0,127.0,193.0,0.0,40.0,0.0,115.0,113.0,0.0,63.0,98.0,320.0,268.0,82.0,114.0,62.0,78.0,100.0,126.0,35.0,400,123.0,375.0
2020,34,257,0.0,402,359,38,143,266,409,214,163,689,0.0,600,74,134,256,0.0,78,0.0,0.0,67,55.0,70,117,202,163,0.0,441,0.0,156,576,0.0,128,0.0,45.0,113.0,325.0,166.0,131.0,109.0,139.0,435.0,103.0,215.0,0.0,41.0,0.0,123.0,113.0,0.0,95.0,112.0,355.0,278.0,90.0,104.0,52.0,66.0,89.0,159.0,43.0,359,130.0,389.0
2020,35,239,0.0,392,361,49,147,282,394,135,181,757,0.0,571,52,106,238,0.0,105,0.0,0.0,44,50.0,78,125,219,158,0.0,360,0.0,157,445,0.0,101,0.0,46.0,133.0,260.0,190.0,117.0,103.0,135.0,401.0,134.0,224.0,0.0,36.0,0.0,117.0,81.0,0.0,86.0,98.0,362.0,279.0,100.0,95.0,56.0,80.0,122.0,126.0,28.0,361,102.0,376.0
2020,36,280,0.0,400,320,49,134,294,320,214,113,669,0.0,631,58,122,208,0.0,85,0.0,0.0,69,69.0,79,132,232,164,0.0,326,0.0,236,584,0.0,109,0.0,52.0,140.0,283.0,160.0,110.0,108.0,113.0,417.0,128.0,157.0,0.0,22.0,0.0,152.0,102.0,0.0,66.0,109.0,359.0,323.0,94.0,95.0,56.0,63.0,100.0,135.0,39.0,320,118.0,340.0
2020,37,251,0.0,411,354,41,142,303,431,226,135,652,0.0,677,54,150,228,0.0,107,0.0,0.0,57,54.0,81,111,186,181,0.0,379,0.0,224,592,0.0,92,0.0,44.0,127.0,302.0,163.0,106.0,114.0,129.0,471.0,115.0,215.0,0.0,31.0,0.0,123.0,95.0,0.0,75.0,93.0,347.0,308.0,76.0,150.0,70.0,108.0,79.0,154.0,48.0,354,127.0,423.0
2020,38,275,0.0,428,377,33,150,258,384,215,165,574,0.0,672,74,114,169,0.0,90,0.0,0.0,49,46.0,64,134,198,199,0.0,325,0.0,177,409,0.0,89,0.0,38.0,135.0,267.0,176.0,103.0,143.0,136.0,388.0,111.0,202.0,0.0,25.0,0.0,124.0,116.0,0.0,72.0,109.0,301.0,252.0,94.0,100.0,74.0,103.0,100.0,156.0,27.0,377,97.0,352.0
2020,39,255,0.0,302,361,31,147,241,436,174,163,589,0.0,624,44,124,189,0.0,80,0.0,0.0,68,43.0,46,105,223,142,0.0,271,0.0,190,397,0.0,94,0.0,32.0,181.0,240.0,143.0,117.0,120.0,124.0,376.0,110.0,187.0,0.0,39.0,0.0,134.0,72.0,0.0,70.0,87.0,371.0,237.0,63.0,117.0,54.0,102.0,77.0,169.0,34.0,361,117.0,322.0
2020,40,432,0.0,491,459,52,169,451,625,289,217,762,0.0,989,68,187,260,0.0,106,0.0,0.0,54,73.0,92,125,346,191,0.0,451,0.0,211,661,0.0,131,0.0,41.0,219.0,354.0,221.0,173.0,182.0,187.0,589.0,141.0,246.0,0.0,40.0,0.0,181.0,121.0,0.0,104.0,136.0,472.0,336.0,92.0,172.0,68.0,139.0,119.0,162.0,37.0,459,128.0,508.0
2020,41,476,0.0,676,536,70,254,445,738,382,290,982,0.0,1020,98,234,350,0.0,198,0.0,0.0,106,62.0,78,132,350,260,0.0,618,0.0,224,724,0.0,110,0.0,98.0,258.0,456.0,240.0,192.0,294.0,238.0,606.0,244.0,360.0,0.0,28.0,0.0,254.0,144.0,0.0,130.0,164.0,578.0,523.0,106.0,216.0,98.0,162.0,124.0,320.0,64.0,536,186.0,532.0
2020,42,179,0.0,259,305,37,116,197,308,139,111,405,0.0,442,51,103,138,0.0,57,0.0,0.0,48,29.0,39,66,143,135,0.0,231,0.0,71,289,0.0,77,0.0,20.0,101.0,224.0,113.0,88.0,92.0,94.0,257.0,83.0,145.0,0.0,23.0,0.0,109.0,63.0,0.0,54.0,74.0,224.0,171.0,34.0,70.0,36.0,86.0,82.0,89.0,28.0,305,50.0,208.0
2020,43,199,0.0,329,316,48,135,243,347,153,112,449,0.0,552,43,123,182,0.0,74,0.0,0.0,46,39.0,42,94,144,130,0.0,280,0.0,94,271,0.0,52,0.0,18.0,121.0,181.0,120.0,79.0,113.0,103.0,227.0,101.0,192.0,0.0,26.0,0.0,112.0,80.0,0.0,56.0,68.0,206.0,177.0,80.0,61.0,37.0,94.0,77.0,131.0,23.0,316,64.0,219.0
2020,44,132,0.0,180,202,14,67,131,172,68,60,213,0.0,296,20,55,54,0.0,44,0.0,0.0,22,15.0,31,43,68,76,0.0,117,0.0,33,124,0.0,23,0.0,12.0,62.0,98.0,53.0,46.0,43.0,60.0,133.0,56.0,87.0,0.0,11.0,0.0,71.0,39.0,0.0,25.0,28.0,114.0,93.0,41.0,54.0,23.0,56.0,51.0,81.0,19.0,202,26.0,123.0
